insert into salpa.medal(medal,criteria) values ('day1','공부 완료 1일');
insert into salpa.medal(medal,criteria) values ('day7','공부 완료 7일');
insert into salpa.medal(medal,criteria) values ('day30','공부 완료 30일');
insert into salpa.medal(medal,criteria) values ('book1','책 1권 공부 끝');
insert into salpa.medal(medal,criteria) values ('book3','책 3권 공부 끝');
insert into salpa.medal(medal,criteria) values ('book5','책 5권 공부 끝');
insert into salpa.medal(medal,criteria) values ('book10','책 10권 공부 끝');
commit;
insert into salpa.user(email,name,nickname,password,createtime) values ('admin@bookery.live','관리자','관리자','User1111','2020-07-01');
insert into salpa.user(email,name,nickname,password,createtime) values ('user1@bookery.live','김길동','공부왕','User1111','2020-07-01');
insert into salpa.user(email,name,nickname,password,createtime) values ('user2@bookery.live','홍길동','만점왕','User1111','2020-08-01');
insert into salpa.user(email,name,nickname,password,createtime) values ('user3@bookery.live','박길동','거북왕','User1111','2020-08-15');
commit;
insert into salpa.award(awarddate,medal_id,user_id) values ('2020-09-17',1,1);
insert into salpa.award(awarddate,medal_id,user_id) values ('2020-09-20',2,1);
insert into salpa.award(awarddate,medal_id,user_id) values ('2020-10-30',3,1);
commit;
insert into salpa.book(bid,title,writer,publisher,pages,category,translator,titleoriginal,revision,publicationdate,coverurl) values (0,'공자사항','','',0,'','','','',null,'');
insert into salpa.book(bid,title,writer,publisher,pages,category,translator,titleoriginal,revision,publicationdate,coverurl) values (11594,'인물로 본 현대물리학사','','',300,'','','','',null,'');
insert into salpa.book(bid,title,writer,publisher,pages,category,translator,titleoriginal,revision,publicationdate,coverurl) values (78743,'고체역학 컴퓨터원용','','',350,'','','','',null,'');
insert into salpa.book(bid,title,writer,publisher,pages,category,translator,titleoriginal,revision,publicationdate,coverurl) values (1579908,'스타벅스','하워드 슐츠','김영사',372,'경제/경영','홍순명','','','1999-06-04','https://bookthumb-phinf.pstatic.net/cover/015/799/01579908.jpg?type=m140&udate=20101028');
insert into salpa.book(bid,title,writer,publisher,pages,category,translator,titleoriginal,revision,publicationdate,coverurl) values (6060216,'하모니 실크 팩토리','','작가정신',536,'소설','황보석','(The)harmony silk factory','','2009-08-30','https://bookthumb-phinf.pstatic.net/cover/060/602/06060216.jpg?type=m140&udate=20120729');
insert into salpa.book(bid,title,writer,publisher,pages,category,translator,titleoriginal,revision,publicationdate,coverurl) values (6245407,'재료과학','WILLIAM D. CALLISTER JR','한티미디어',985,'잡지','김광수, 김영호, 김하영','FUNDAMENTALS OF MATERIALS SCIENCE AND ENGINEERING: An Integrated Appro','개정 3판','2010-03-01','https://bookthumb-phinf.pstatic.net/cover/062/454/06245407.jpg?type=m140&udate=20141122');
insert into salpa.book(bid,title,writer,publisher,pages,category,translator,titleoriginal,revision,publicationdate,coverurl) values (6418017,'종이 여자','기욤 뮈소','밝은세상',488,'소설','전미연','La fille de papier','','2010-12-14','https://bookthumb-phinf.pstatic.net/cover/064/180/06418017.jpg?type=m140&udate=20110124');
insert into salpa.book(bid,title,writer,publisher,pages,category,translator,titleoriginal,revision,publicationdate,coverurl) values (6740361,'고체역학','','',700,'','','','',null,'');
insert into salpa.book(bid,title,writer,publisher,pages,category,translator,titleoriginal,revision,publicationdate,coverurl) values (6853522,'고체역학','','YOUNG',839,'잡지','전만수, 신광복, 유승현','Mechanics of materials. 2/E','개정 2판','2012-02-22','https://bookthumb-phinf.pstatic.net/cover/068/535/06853522.jpg?type=m140&udate=20141122');
insert into salpa.book(bid,title,writer,publisher,pages,category,translator,titleoriginal,revision,publicationdate,coverurl) values (7058726,'화교 문화를 읽는 눈 짜장면','유중하','한겨레출판사',222,'역사/문화','','','','2012-11-15','https://bookthumb-phinf.pstatic.net/cover/070/587/07058726.jpg?type=m140&udate=20150715');
insert into salpa.book(bid,title,writer,publisher,pages,category,translator,titleoriginal,revision,publicationdate,coverurl) values (8831860,'고체역학 Crandall의','','',950,'','','','',null,'');
insert into salpa.book(bid,title,writer,publisher,pages,category,translator,titleoriginal,revision,publicationdate,coverurl) values (8991290,'2주 만에 끝내는 해커스 토익스피킹(토스) Start 최신 유형 반영, 토스 만능 답변 템플릿 및 온라인 실전모의고사 제공','David Cho','해커스어학연구소',550,'국어/외국어','','','','2015-04-24','https://bookthumb-phinf.pstatic.net/cover/089/912/08991290.jpg?type=m140&udate=20180406');
insert into salpa.book(bid,title,writer,publisher,pages,category,translator,titleoriginal,revision,publicationdate,coverurl) values (10016685,'스마트팩토리 구축 R&D전략 및 산업실태분석 사물인터넷/클라우드 컴퓨팅/빅데이터','R&D정보센터','지식산업정보원',614,'경제/경영','','','','2015-12-30','https://bookthumb-phinf.pstatic.net/cover/100/166/10016685.jpg?type=m140&udate=20191227');
insert into salpa.book(bid,title,writer,publisher,pages,category,translator,titleoriginal,revision,publicationdate,coverurl) values (11472743,'Do it! HTML5+CSS3 웹 표준의 정석','고경희','이지스퍼블리싱',608,'컴퓨터/IT','','','','2017-01-03','https://bookthumb-phinf.pstatic.net/cover/114/727/11472743.jpg?type=m140&udate=20191214');
insert into salpa.book(bid,title,writer,publisher,pages,category,translator,titleoriginal,revision,publicationdate,coverurl) values (11619294,'도깨비 2 쓸쓸하고 찬란하신, tvN 드라마 도깨비 원작소설','김은숙, 김수연','알에이치코리아',300,'소설','','','','2017-02-24','https://bookthumb-phinf.pstatic.net/cover/116/192/11619294.jpg?type=m140&udate=20170206');
insert into salpa.book(bid,title,writer,publisher,pages,category,translator,titleoriginal,revision,publicationdate,coverurl) values (11662984,'시나공 정보처리기사 실기 2017,C와 Java의 기본+알고리즘 해법+기출유형,산업기사 포함','한기준, 김기윤, 김정준, 강윤석, 길벗알앤디','길벗',1280,'컴퓨터/IT','','','','2017-03-06','https://bookthumb-phinf.pstatic.net/cover/116/629/11662984.jpg?type=m140&udate=20180201');
insert into salpa.book(bid,title,writer,publisher,pages,category,translator,titleoriginal,revision,publicationdate,coverurl) values (11793514,'기본 수학의 정석 수학 (상)','','성지출판',328,'학습/참고서','','','','2017-03-15','https://bookthumb-phinf.pstatic.net/cover/117/935/11793514.jpg?type=m140&udate=20191213');
insert into salpa.book(bid,title,writer,publisher,pages,category,translator,titleoriginal,revision,publicationdate,coverurl) values (12101803,'스타벅스, 공간을 팝니다 하워드 슐츠가 감탄한 스타벅스커피 코리아 1조 매출의 비밀','주홍식','알에이치코리아',264,'경제/경영','','','','2017-05-29','https://bookthumb-phinf.pstatic.net/cover/121/018/12101803.jpg?type=m140&udate=20191227');
insert into salpa.book(bid,title,writer,publisher,pages,category,translator,titleoriginal,revision,publicationdate,coverurl) values (12210807,'기사단장 죽이기 1 무라카미 하루키 장편소설,현현하는 이데아','무라카미 하루키','문학동네',568,'소설','홍은주','騎士團長殺し 第1部 顯れるイデア編','','2017-07-12','https://bookthumb-phinf.pstatic.net/cover/122/108/12210807.jpg?type=m140&udate=20200317');
insert into salpa.book(bid,title,writer,publisher,pages,category,translator,titleoriginal,revision,publicationdate,coverurl) values (12785564,'뜻 (나폴레옹, 몽블랑, 스타벅스, 나이키 등)','서울교육방송','미디어북',1018,'','','','','2017-11-17','https://bookthumb-phinf.pstatic.net/cover/127/855/12785564.jpg?type=m140&udate=20171119');
insert into salpa.book(bid,title,writer,publisher,pages,category,translator,titleoriginal,revision,publicationdate,coverurl) values (14466324,'시나공 정보처리기사 실기 C와 JAVA의 기,산업기사 포함,2019','한기준, 김기윤, 김정준, 강윤석, 길벗알앤디','길벗',1400,'컴퓨터/IT','','','','2019-01-21','https://bookthumb-phinf.pstatic.net/cover/144/663/14466324.jpg?type=m140&udate=20190503');
insert into salpa.book(bid,title,writer,publisher,pages,category,translator,titleoriginal,revision,publicationdate,coverurl) values (14861039,'고체역학 입문','','',888,'','','','',null,'');
insert into salpa.book(bid,title,writer,publisher,pages,category,translator,titleoriginal,revision,publicationdate,coverurl) values (15077395,'EBS 만점왕 초등 수학 5-2 2020','','EBS한국교육방송공사',336,'학습/참고서','','','','2020-05-22','https://bookthumb-phinf.pstatic.net/cover/150/773/15077395.jpg?type=m140&udate=20200521');
insert into salpa.book(bid,title,writer,publisher,pages,category,translator,titleoriginal,revision,publicationdate,coverurl) values (15909265,'ETS 토익 정기시험 기출문제집 2 1000 Reading ALL New 최신 기출 10회','ETS','YBM',328,'국어/외국어','','','','2019-12-16','https://bookthumb-phinf.pstatic.net/cover/159/092/15909265.jpg?type=m140&udate=20200724');
insert into salpa.book(bid,title,writer,publisher,pages,category,translator,titleoriginal,revision,publicationdate,coverurl) values (15973732,'시나공 정보처리산업기사 실기 2020','한기준, 김기윤, 김정준, 강윤석, 길벗알앤디','길벗',1384,'컴퓨터/IT','','','','2020-01-06','https://bookthumb-phinf.pstatic.net/cover/159/737/15973732.jpg?type=m140&udate=20200728');
insert into salpa.book(bid,title,writer,publisher,pages,category,translator,titleoriginal,revision,publicationdate,coverurl) values (16236628,'미술관에간물리학자 명화에서 찾은 물리학의 발견','','어바웃어북',414,'과학/공학','','','','2020-02-07','https://bookthumb-phinf.pstatic.net/cover/162/366/16236628.jpg?type=m140&udate=20200701');
insert into salpa.book(bid,title,writer,publisher,pages,category,translator,titleoriginal,revision,publicationdate,coverurl) values (16241131,'','','',100,'','','','',null,'');
insert into salpa.book(bid,title,writer,publisher,pages,category,translator,titleoriginal,revision,publicationdate,coverurl) values (16271455,'디즈니 겨울왕국2 스티커 색칠 동화 2','대원키즈편집부','대원키즈',104,'유아','양윤선','','','2020-02-25','https://bookthumb-phinf.pstatic.net/cover/162/714/16271455.jpg?type=m140&udate=20200224');
insert into salpa.book(bid,title,writer,publisher,pages,category,translator,titleoriginal,revision,publicationdate,coverurl) values (16311458,'정보처리기사 실기(2020)(수제비) NCS 기반으로 재구성한 합격비법서','','건기원',612,'컴퓨터/IT','','','','2020-03-25','https://bookthumb-phinf.pstatic.net/cover/163/114/16311458.jpg?type=m140&udate=20200701');
insert into salpa.book(bid,title,writer,publisher,pages,category,translator,titleoriginal,revision,publicationdate,coverurl) values (16341272,'고등 과학탐구영역 화학1(2020)(2021 수능대비)(8절)(EBS Final 실전모의고사) 2015 개정 교육과정 첫 수능','','',95,'','','','',null,'');
insert into salpa.book(bid,title,writer,publisher,pages,category,translator,titleoriginal,revision,publicationdate,coverurl) values (16345565,'30장면으로 끝내는 스크린 영어회화 겨울왕국2 30장면으로 끝내는','','길벗',309,'국어/외국어','','','','2020-04-30','https://bookthumb-phinf.pstatic.net/cover/163/455/16345565.jpg?type=m140&udate=20200711');
insert into salpa.book(bid,title,writer,publisher,pages,category,translator,titleoriginal,revision,publicationdate,coverurl) values (16373256,'EBS 수능완성 수학영역 수학 나형 (2020년) 2021학년도 수능 연계교재','','',500,'','','','',null,'');
insert into salpa.book(bid,title,writer,publisher,pages,category,translator,titleoriginal,revision,publicationdate,coverurl) values (16373262,'EBS 수능완성 영어영역 영어 (2020년) 2021학년도 수능 연계교재','','',444,'','','','',null,'');
insert into salpa.book(bid,title,writer,publisher,pages,category,translator,titleoriginal,revision,publicationdate,coverurl) values (16373279,'EBS 수능완성 과학탐구영역 화학 1 (2020년) 2021학년도 수능 연계교재','','',333,'','','','',null,'');
insert into salpa.book(bid,title,writer,publisher,pages,category,translator,titleoriginal,revision,publicationdate,coverurl) values (16427479,'고등 수학영역 수학 가형 만점마무리 봉투모의고사(2020)(2021 수능대비)(EBS) 2021학년도 수능 대비 모의고사','EBS','한국교육방송공사(EBSi)',70,'학습/참고서','','','','2020-07-24','https://bookthumb-phinf.pstatic.net/cover/164/274/16427479.jpg?type=m140&udate=20200911');
insert into salpa.book(bid,title,writer,publisher,pages,category,translator,titleoriginal,revision,publicationdate,coverurl) values (16440545,'','','',100,'','','','',null,'');
insert into salpa.book(bid,title,writer,publisher,pages,category,translator,titleoriginal,revision,publicationdate,coverurl) values (16440546,'','','',100,'','','','',null,'');
insert into salpa.book(bid,title,writer,publisher,pages,category,translator,titleoriginal,revision,publicationdate,coverurl) values (16440547,'','','',100,'','','','',null,'');
insert into salpa.book(bid,title,writer,publisher,pages,category,translator,titleoriginal,revision,publicationdate,coverurl) values (16440548,'','','',100,'','','','',null,'');
insert into salpa.book(bid,title,writer,publisher,pages,category,translator,titleoriginal,revision,publicationdate,coverurl) values (16684041,'가을 아침에(스콜라 창작 그림책 18)(양장본 HardCover) 김지현 그림책','김지현','위즈덤하우스',40,'유아','','','','2020-09-10','https://bookthumb-phinf.pstatic.net/cover/166/840/16684041.jpg?type=m140&udate=20200918');
commit;
insert into salpa.toc(book_bid,toc) values (11594,'1. 프랭클린의 물리학...19');
insert into salpa.toc(book_bid,toc) values (11594,'2. 롤랜드의 물리학...40');
insert into salpa.toc(book_bid,toc) values (11594,'3. 마이컬슨과 간섭계...63');
insert into salpa.toc(book_bid,toc) values (11594,'4. 헤르츠스프룽-러셀도로의 발자취...80');
insert into salpa.toc(book_bid,toc) values (11594,'5. 벨 연구소의 고체 물리학 연구...106');
insert into salpa.toc(book_bid,toc) values (11594,'6. 밴 블랙과 자기학...128');
insert into salpa.toc(book_bid,toc) values (11594,'7. 헤럴드 유리와 중수소의 발견...138');
insert into salpa.toc(book_bid,toc) values (11594,'8. 젊은 날의 오펜하이머...158');
insert into salpa.toc(book_bid,toc) values (11594,'9. 마리아 괴페프트 마이어...184');
insert into salpa.toc(book_bid,toc) values (11594,'10. 필립 모리슨의 프로필...201');
insert into salpa.toc(book_bid,toc) values (11594,'11. 사이클로트론의 역사Ⅰ...221');
insert into salpa.toc(book_bid,toc) values (11594,'12. 사이클로트론의 역사Ⅱ...240');
insert into salpa.toc(book_bid,toc) values (11594,'13. 컬럼비아 대학에서의 물리학...263');
insert into salpa.toc(book_bid,toc) values (11594,'14. 전자선 회절의 발견으로부터 50년...276');
insert into salpa.toc(book_bid,toc) values (11594,'15. 소립자물리학의 탄생...304');
insert into salpa.toc(book_bid,toc) values (11594,'16. 최근 50년간의 장론의 전개...328');
insert into salpa.toc(book_bid,toc) values (78743,'1. 응력과 변형률의 개요');
insert into salpa.toc(book_bid,toc) values (78743,'2. 단축축하중과 변형');
insert into salpa.toc(book_bid,toc) values (78743,'3. 원형축의 비틀림');
insert into salpa.toc(book_bid,toc) values (78743,'4. 보의 전단력과 굽힘모멘트');
insert into salpa.toc(book_bid,toc) values (78743,'5. 굽힘과 의한 응력');
insert into salpa.toc(book_bid,toc) values (78743,'6. 정정보의 처짐');
insert into salpa.toc(book_bid,toc) values (78743,'7. 부정정보의 처짐');
insert into salpa.toc(book_bid,toc) values (78743,'8. 응력과 변형률');
insert into salpa.toc(book_bid,toc) values (78743,'9. 복합 응력 상태의 해석');
insert into salpa.toc(book_bid,toc) values (6060216,'1부 재스퍼');
insert into salpa.toc(book_bid,toc) values (6060216,'머리말');
insert into salpa.toc(book_bid,toc) values (6060216,'조니라는 악명 높은 중국인의 진짜 이야기(소년 시절)');
insert into salpa.toc(book_bid,toc) values (6060216,'킨타 협곡');
insert into salpa.toc(book_bid,toc) values (6060216,'하찮은 조니가 어떻게 공산주의자가 되었는가?―그리고 다른 이야기들');
insert into salpa.toc(book_bid,toc) values (6060216,'조니와 타이거');
insert into salpa.toc(book_bid,toc) values (6060216,'세 개의 별');
insert into salpa.toc(book_bid,toc) values (6060216,'스노');
insert into salpa.toc(book_bid,toc) values (6060216,'조니는 어떻게 신이 되었는가―어떤 사람들의 눈에');
insert into salpa.toc(book_bid,toc) values (6060216,'대단원');
insert into salpa.toc(book_bid,toc) values (6060216,'결말');
insert into salpa.toc(book_bid,toc) values (6060216,'2부 스노');
insert into salpa.toc(book_bid,toc) values (6060216,'3부 피터');
insert into salpa.toc(book_bid,toc) values (6060216,'역자 후기');
insert into salpa.toc(book_bid,toc) values (6740361,'1장 서론');
insert into salpa.toc(book_bid,toc) values (6740361,'2장 응력과 변형률');
insert into salpa.toc(book_bid,toc) values (6740361,'3장 인장, 압축, 전단');
insert into salpa.toc(book_bid,toc) values (6740361,'4장 조합응력과 모어의 응력원');
insert into salpa.toc(book_bid,toc) values (6740361,'5장 평면도형의 성질');
insert into salpa.toc(book_bid,toc) values (6740361,'6장 비틀림(Torsion)');
insert into salpa.toc(book_bid,toc) values (6740361,'7장 보의 전단과 굽힘');
insert into salpa.toc(book_bid,toc) values (6740361,'8장 보 속의 응력');
insert into salpa.toc(book_bid,toc) values (6740361,'9장 보의 처짐(Deflection of beam)');
insert into salpa.toc(book_bid,toc) values (6740361,'10장 부정정보');
insert into salpa.toc(book_bid,toc) values (6740361,'11장 특수단면의 보');
insert into salpa.toc(book_bid,toc) values (6740361,'12장 기둥');
insert into salpa.toc(book_bid,toc) values (6740361,'부록');
insert into salpa.toc(book_bid,toc) values (6853522,'Chapter 01 응력');
insert into salpa.toc(book_bid,toc) values (6853522,'Chapter 02 변형률');
insert into salpa.toc(book_bid,toc) values (6853522,'Chapter 03 재료의 기계적 성질');
insert into salpa.toc(book_bid,toc) values (6853522,'Chapter 04 설계 개념');
insert into salpa.toc(book_bid,toc) values (6853522,'Chapter 05 축방향 변형');
insert into salpa.toc(book_bid,toc) values (6853522,'Chapter 06 축의 비틀림');
insert into salpa.toc(book_bid,toc) values (6853522,'Chapter 07 보의 평형');
insert into salpa.toc(book_bid,toc) values (6853522,'Chapter 08 보의 굽힘');
insert into salpa.toc(book_bid,toc) values (6853522,'Chapter 09 보에서의 전단응력');
insert into salpa.toc(book_bid,toc) values (6853522,'Chapter 10 보의 처짐');
insert into salpa.toc(book_bid,toc) values (6853522,'Chapter 11 부정정보');
insert into salpa.toc(book_bid,toc) values (6853522,'Chapter 12 응력의 좌표변환');
insert into salpa.toc(book_bid,toc) values (6853522,'Chapter 13 변형률의 좌표변환');
insert into salpa.toc(book_bid,toc) values (6853522,'Chapter 14 박벽 압력용기');
insert into salpa.toc(book_bid,toc) values (6853522,'Chapter 15 조합하중');
insert into salpa.toc(book_bid,toc) values (6853522,'Chapter 16 기둥');
insert into salpa.toc(book_bid,toc) values (6853522,'부록 A');
insert into salpa.toc(book_bid,toc) values (6853522,'부록 B');
insert into salpa.toc(book_bid,toc) values (6853522,'부록 C');
insert into salpa.toc(book_bid,toc) values (6853522,'부록 D');
insert into salpa.toc(book_bid,toc) values (6853522,'홀수 번호 문제의 해답');
insert into salpa.toc(book_bid,toc) values (6853522,'찾아보기');
insert into salpa.toc(book_bid,toc) values (8831860,'제1장 역학의 기본 원리');
insert into salpa.toc(book_bid,toc) values (8831860,'제2장 변형체 역학의 소개');
insert into salpa.toc(book_bid,toc) values (8831860,'제3장 가늘고 긴 부재에 전달되는 힘과 모멘트');
insert into salpa.toc(book_bid,toc) values (8831860,'제4장 응력과 변형률');
insert into salpa.toc(book_bid,toc) values (8831860,'제5장 응력-변형률-온도 관계');
insert into salpa.toc(book_bid,toc) values (8831860,'제6장 비틀림');
insert into salpa.toc(book_bid,toc) values (8831860,'제7장 굽힘에 의한 응력');
insert into salpa.toc(book_bid,toc) values (8831860,'제8장 굽힘에 의한 처짐');
insert into salpa.toc(book_bid,toc) values (8831860,'제9장 평형상태의 안정성: 좌굴');
insert into salpa.toc(book_bid,toc) values (11793514,'1. 다항식의 연산');
insert into salpa.toc(book_bid,toc) values (11793514,'2. 인수분해');
insert into salpa.toc(book_bid,toc) values (11793514,'3. 항등식과 미정계수');
insert into salpa.toc(book_bid,toc) values (11793514,'4. 나머지정리');
insert into salpa.toc(book_bid,toc) values (11793514,'5. 실수');
insert into salpa.toc(book_bid,toc) values (11793514,'6. 복소수');
insert into salpa.toc(book_bid,toc) values (11793514,'7. 일차·이차방정식');
insert into salpa.toc(book_bid,toc) values (11793514,'8. 이차방정식의 판별식');
insert into salpa.toc(book_bid,toc) values (11793514,'9. 이차방정식의 근과 계수의 관계');
insert into salpa.toc(book_bid,toc) values (11793514,'10. 이차방정식과 이차함수');
insert into salpa.toc(book_bid,toc) values (11793514,'11. 최대와 최소');
insert into salpa.toc(book_bid,toc) values (11793514,'12. 삼차방정식과 사차방정식');
insert into salpa.toc(book_bid,toc) values (11793514,'13. 연립방정식');
insert into salpa.toc(book_bid,toc) values (11793514,'14. 일차부등식과 연립일차부등식');
insert into salpa.toc(book_bid,toc) values (11793514,'15. 이차부등식과 연립이차부등식');
insert into salpa.toc(book_bid,toc) values (11793514,'연습문제 풀이 및 정답');
insert into salpa.toc(book_bid,toc) values (11793514,'유제 풀이 및 정답');
insert into salpa.toc(book_bid,toc) values (11793514,'찾아보기');
insert into salpa.toc(book_bid,toc) values (14466324,'[1과목] 실무 알고리즘 응용');
insert into salpa.toc(book_bid,toc) values (14466324,'00 준비운동');
insert into salpa.toc(book_bid,toc) values (14466324,'1. 정보처리기사/산업기사 실기 시험, 이렇게 준비하세요.');
insert into salpa.toc(book_bid,toc) values (14466324,'2 시험 접수부터 자격증 받기까지 한눈에 살펴볼까요?');
insert into salpa.toc(book_bid,toc) values (14466324,'3. 정보처리기사/산업기사 실기 시험, 이것이 궁금하다!');
insert into salpa.toc(book_bid,toc) values (14466324,'01 소프트웨어 개발의 기초');
insert into salpa.toc(book_bid,toc) values (14466324,'Section 001 객체지향 기법의 개요');
insert into salpa.toc(book_bid,toc) values (14466324,'Section 002 객체지향 기법의 기본 원칙');
insert into salpa.toc(book_bid,toc) values (14466324,'Section 003 객체지향 기법의 생명 주기');
insert into salpa.toc(book_bid,toc) values (14466324,'Section 004 아키텍처 스타일');
insert into salpa.toc(book_bid,toc) values (14466324,'예상문제은행');
insert into salpa.toc(book_bid,toc) values (14466324,'02 프로그래밍 언어의 기본');
insert into salpa.toc(book_bid,toc) values (14466324,'Section 005 순서도와 C언어의 기본');
insert into salpa.toc(book_bid,toc) values (14466324,'Section 006 C언어의 제어문');
insert into salpa.toc(book_bid,toc) values (14466324,'Section 007 C언어의 포인터, 배열, 구조체');
insert into salpa.toc(book_bid,toc) values (14466324,'Section 008 C언어 함수');
insert into salpa.toc(book_bid,toc) values (14466324,'Section 009 JAVA의 기초');
insert into salpa.toc(book_bid,toc) values (14466324,'예상문제은행');
insert into salpa.toc(book_bid,toc) values (14466324,'03 기본 알고리즘 - 수열');
insert into salpa.toc(book_bid,toc) values (14466324,'Section 010 수열 1 - 1+2+3+4+…+100까지의 합계 (do~while)');
insert into salpa.toc(book_bid,toc) values (14466324,'Section 011 수열 2 - 1-2+3-4+5-6+…+99-100의 합계 (do~while, while, if)');
insert into salpa.toc(book_bid,toc) values (14466324,'Section 012 수열 3 - -(1/2)+(2/3)-(3/4)+(4/5)-(5/6)…-(99/100)의 합계 (do~while, if)');
insert into salpa.toc(book_bid,toc) values (14466324,'Section 013 수열 4 - 1+2+4+7+11+16+22+…로 증가하는 수열 (do~while)');
insert into salpa.toc(book_bid,toc) values (14466324,'Section 014 수열 5 - 1!+2!+3!+4!+5!+…+10!의 합계 (do~while)');
insert into salpa.toc(book_bid,toc) values (14466324,'Section 015 수열 6 - 피보나치 수열(1+1+2+3+5+8+13+…)의 합계(while, for, if)');
insert into salpa.toc(book_bid,toc) values (14466324,'예상문제은행');
insert into salpa.toc(book_bid,toc) values (14466324,'04 기본 알고리즘 - 수학');
insert into salpa.toc(book_bid,toc) values (14466324,'Section 016 소수 판별 (while, if)');
insert into salpa.toc(book_bid,toc) values (14466324,'Section 017 소수의 합 구하기 (while, if)');
insert into salpa.toc(book_bid,toc) values (14466324,'Section 018 소수의 개수 구하기 (1차원배열, do~while, while, if)');
insert into salpa.toc(book_bid,toc) values (14466324,'Section 019 최대공약수, 최소공배수 (while, if)');
insert into salpa.toc(book_bid,toc) values (14466324,'Section 020 약수 구하기 (1차원배열, while, for, if)');
insert into salpa.toc(book_bid,toc) values (14466324,'Section 021 소인수 분해하기 (1차원배열, while, if)');
insert into salpa.toc(book_bid,toc) values (14466324,'Section 022 진법변환 - 10진수를 2진수로 변환하기 (1차원배열, do~while, for)');
insert into salpa.toc(book_bid,toc) values (14466324,'Section 023 진법변환 - 10진수를 임의의 진수로 변환하기 (1차원배열, while, if)');
insert into salpa.toc(book_bid,toc) values (14466324,'Section 024 진법변환 - 소수점이 포함된 2진수를 10진수로 변환하기 (문자열처리, 1차원배열, while, if)');
insert into salpa.toc(book_bid,toc) values (14466324,'Section 025 최대값, 최소값 구하기 (1차원배열, do~while, while, for, if)');
insert into salpa.toc(book_bid,toc) values (14466324,'Section 026 5의 배수의 개수와 합 (for, if)');
insert into salpa.toc(book_bid,toc) values (14466324,'Section 027 7에 가장 가까운 수 구하기 (define, 1차원배열, do~while, for, if)');
insert into salpa.toc(book_bid,toc) values (14466324,'Section 028 보수 구하기 (1차원배열, do~while, for, if)');
insert into salpa.toc(book_bid,toc) values (14466324,'Section 029 그레이 코드 변환하기 (1차원배열, for, if)');
insert into salpa.toc(book_bid,toc) values (14466324,'Section 030 큰 수 더하기 (1차원배열, do~while, while, for, if)');
insert into salpa.toc(book_bid,toc) values (14466324,'예상문제은행');
insert into salpa.toc(book_bid,toc) values (14466324,'05 응용 알고리즘 - 자료 구조');
insert into salpa.toc(book_bid,toc) values (14466324,'Section 031 선택 정렬 (1차원배열, do~while, for, if)');
insert into salpa.toc(book_bid,toc) values (14466324,'Section 032 버블 정렬 (1차원배열, do~while, while, for, if)');
insert into salpa.toc(book_bid,toc) values (14466324,'Section 033 삽입 정렬 (1차원배열, do~while, for, if)');
insert into salpa.toc(book_bid,toc) values (14466324,'Section 034 석차 구하기 (1차원배열, do~while, while, for, if)');
insert into salpa.toc(book_bid,toc) values (14466324,'Section 035 이분 검색 (1차원배열, 2차원배열, while, if)');
insert into salpa.toc(book_bid,toc) values (14466324,'Section 036 병합(MERGE) (사용자정의함수, 1차원배열, do~while, while, if)');
insert into salpa.toc(book_bid,toc) values (14466324,'Section 037 스택(STACK) (사용자정의함수, 1차원배열, while, for, if)');
insert into salpa.toc(book_bid,toc) values (14466324,'예상문제은행');
insert into salpa.toc(book_bid,toc) values (14466324,'06 응용 알고리즘 - 배열');
insert into salpa.toc(book_bid,toc) values (14466324,'Section 038 배열 1 - 기본 5행 5열 (define, 2차원배열, for)');
insert into salpa.toc(book_bid,toc) values (14466324,'Section 039 배열 2 - 직각 삼각형 만들기 (2차원배열, for)');
insert into salpa.toc(book_bid,toc) values (14466324,'Section 040 배열 3 - ‘ㄹ’자로 채우기 (2차원배열, for)');
insert into salpa.toc(book_bid,toc) values (14466324,'Section 041 배열 4 - 다이아몬드 만들기 (2차원배열, for, if)');
insert into salpa.toc(book_bid,toc) values (14466324,'Section 042 배열 5 - 모래시계 만들기(2차원배열, for)');
insert into salpa.toc(book_bid,toc) values (14466324,'Section 043 배열 6 - 오른쪽에 빈 삼각형 만들기 (2차원배열, for, if)');
insert into salpa.toc(book_bid,toc) values (14466324,'Section 044 배열 7 - 이등변 삼각형 만들기 (2차원배열, for)');
insert into salpa.toc(book_bid,toc) values (14466324,'Section 045 배열 8 - 90도 회전하기 (2차원배열, for)');
insert into salpa.toc(book_bid,toc) values (14466324,'Section 046 배열 9 - 달팽이 만들기 (2차원배열, while, for, if)');
insert into salpa.toc(book_bid,toc) values (14466324,'Section 047 배열 10 - 대각선으로 채우기 (2차원배열, for, if)');
insert into salpa.toc(book_bid,toc) values (14466324,'Section 048 배열 11 - 마방진(Magic Square) (2차원배열, for, if)');
insert into salpa.toc(book_bid,toc) values (14466324,'Section 049 배열 12 - 행렬 변환 (2차원배열, for, if)');
insert into salpa.toc(book_bid,toc) values (14466324,'예상문제은행');
insert into salpa.toc(book_bid,toc) values (14466324,'07 실무 응용 알고리즘');
insert into salpa.toc(book_bid,toc) values (14466324,'Section 050 화폐의 종류별 매수 계산 (구조체, 파일처리, define, 1차원배열, do~while, for, if)');
insert into salpa.toc(book_bid,toc) values (14466324,'Section 051 부서별 합계 (구조체, 파일처리, 1차원배열, do~while, while, if)');
insert into salpa.toc(book_bid,toc) values (14466324,'Section 052 동별, 나이별 인원 통계 (구조체, 파일처리, 1차원배열, 2차원배열, while, for, if)');
insert into salpa.toc(book_bid,toc) values (14466324,'Section 053 학급별 최대, 최소 체중 (구조체, 파일처리, 1차원배열, do~while, while, if)');
insert into salpa.toc(book_bid,toc) values (14466324,'Section 054 사과 구입 (for, if)');
insert into salpa.toc(book_bid,toc) values (14466324,'Section 055 사과 나눠 갖기 (goto문, for, if)');
insert into salpa.toc(book_bid,toc) values (14466324,'Section 056 반 배정 (1차원배열, while, for, if)');
insert into salpa.toc(book_bid,toc) values (14466324,'Section 057 역순으로 숫자 더하기 (1차원배열, while, for, if)');
insert into salpa.toc(book_bid,toc) values (14466324,'Section 058 숫자의 좌우 위치 변경 (1차원배열, while, for, if)');
insert into salpa.toc(book_bid,toc) values (14466324,'Section 059 구구단 (1차원배열, do~while, for)');
insert into salpa.toc(book_bid,toc) values (14466324,'예상문제은행');
insert into salpa.toc(book_bid,toc) values (14466324,'1권 부록');
insert into salpa.toc(book_bid,toc) values (14466324,'1과목 실무 알고리즘 응용 정답 및 해설');
insert into salpa.toc(book_bid,toc) values (14466324,'[2과목] 데이터베이스 실무 응용');
insert into salpa.toc(book_bid,toc) values (14466324,'01 데이터베이스 기본');
insert into salpa.toc(book_bid,toc) values (14466324,'Section 060 데이터베이스 개념');
insert into salpa.toc(book_bid,toc) values (14466324,'Section 061 데이터베이스 관리 시스템(DBMS)');
insert into salpa.toc(book_bid,toc) values (14466324,'Section 062 스키마');
insert into salpa.toc(book_bid,toc) values (14466324,'Section 063 데이터베이스 설계');
insert into salpa.toc(book_bid,toc) values (14466324,'Section 064 ER(Entity Relationship) 모델');
insert into salpa.toc(book_bid,toc) values (14466324,'예상문제은행');
insert into salpa.toc(book_bid,toc) values (14466324,'02 관계형 데이터베이스와 관계 연산');
insert into salpa.toc(book_bid,toc) values (14466324,'Section 065 관계형 데이터 모델');
insert into salpa.toc(book_bid,toc) values (14466324,'Section 066 키의 개념 및 종류');
insert into salpa.toc(book_bid,toc) values (14466324,'Section 067 무결성');
insert into salpa.toc(book_bid,toc) values (14466324,'Section 068 관계대수');
insert into salpa.toc(book_bid,toc) values (14466324,'예상문제은행');
insert into salpa.toc(book_bid,toc) values (14466324,'03 SQL');
insert into salpa.toc(book_bid,toc) values (14466324,'Section 069 SQL - DDL');
insert into salpa.toc(book_bid,toc) values (14466324,'Section 070 SQL - SELECT');
insert into salpa.toc(book_bid,toc) values (14466324,'Section 071 SQL - JOIN');
insert into salpa.toc(book_bid,toc) values (14466324,'Section 072 SQL - DML');
insert into salpa.toc(book_bid,toc) values (14466324,'Section 073 SQL - DCL');
insert into salpa.toc(book_bid,toc) values (14466324,'Section 074 뷰(VIEW)');
insert into salpa.toc(book_bid,toc) values (14466324,'Section 075 내장 SQL');
insert into salpa.toc(book_bid,toc) values (14466324,'Section 076 스토어드 프로시저(Stored Procedure)');
insert into salpa.toc(book_bid,toc) values (14466324,'예상문제은행');
insert into salpa.toc(book_bid,toc) values (14466324,'04 정규화');
insert into salpa.toc(book_bid,toc) values (14466324,'Section 077 이상(Anomaly)');
insert into salpa.toc(book_bid,toc) values (14466324,'Section 078 함수적 종속');
insert into salpa.toc(book_bid,toc) values (14466324,'Section 079 정규화');
insert into salpa.toc(book_bid,toc) values (14466324,'예상문제은행');
insert into salpa.toc(book_bid,toc) values (14466324,'05 데이터베이스 기타 실무 응용');
insert into salpa.toc(book_bid,toc) values (14466324,'Section 080 시스템 카탈로그');
insert into salpa.toc(book_bid,toc) values (14466324,'Section 081 인덱스');
insert into salpa.toc(book_bid,toc) values (14466324,'Section 082 트랜잭션');
insert into salpa.toc(book_bid,toc) values (14466324,'Section 083 회복(Recovery)');
insert into salpa.toc(book_bid,toc) values (14466324,'Section 084 병행 제어(Concurrency Control)');
insert into salpa.toc(book_bid,toc) values (14466324,'Section 085 보안(Security)');
insert into salpa.toc(book_bid,toc) values (14466324,'Section 086 튜닝(Tuning)');
insert into salpa.toc(book_bid,toc) values (14466324,'Section 087 객체 지향 데이터베이스');
insert into salpa.toc(book_bid,toc) values (14466324,'Section 088 고급 데이터베이스');
insert into salpa.toc(book_bid,toc) values (14466324,'예상문제은행');
insert into salpa.toc(book_bid,toc) values (14466324,'[3과목] 업무 프로세스 실무 응용');
insert into salpa.toc(book_bid,toc) values (14466324,'01 업무 프로세스');
insert into salpa.toc(book_bid,toc) values (14466324,'Section 089 정보 전략 계획 수립');
insert into salpa.toc(book_bid,toc) values (14466324,'Section 090 업무 프로세스 재설계');
insert into salpa.toc(book_bid,toc) values (14466324,'Section 091 전사적 자원 관리');
insert into salpa.toc(book_bid,toc) values (14466324,'Section 092 정보 시스템 구축');
insert into salpa.toc(book_bid,toc) values (14466324,'Section 093 시스템 통합');
insert into salpa.toc(book_bid,toc) values (14466324,'Section 094 IT 아웃소싱');
insert into salpa.toc(book_bid,toc) values (14466324,'Section 095 전자상거래');
insert into salpa.toc(book_bid,toc) values (14466324,'Section 096 입주 업무 프로세스');
insert into salpa.toc(book_bid,toc) values (14466324,'Section 097 인사고과 업무 프로세스');
insert into salpa.toc(book_bid,toc) values (14466324,'Section 098 손망실 처리 업무 프로세스');
insert into salpa.toc(book_bid,toc) values (14466324,'Section 099 대외보고서 작성 업무 프로세스');
insert into salpa.toc(book_bid,toc) values (14466324,'예상문제은행');
insert into salpa.toc(book_bid,toc) values (14466324,'[4과목] IT 신기술 동향 및 시스템 관리, 전산 영어');
insert into salpa.toc(book_bid,toc) values (14466324,'01 시스템 관리 및 보안');
insert into salpa.toc(book_bid,toc) values (14466324,'Section 100 정보 보안 및 암호화');
insert into salpa.toc(book_bid,toc) values (14466324,'Section 101 보안 관리');
insert into salpa.toc(book_bid,toc) values (14466324,'Section 102 보안 위협의 구체적인 형태');
insert into salpa.toc(book_bid,toc) values (14466324,'예상문제은행');
insert into salpa.toc(book_bid,toc) values (14466324,'02 신기술 동향');
insert into salpa.toc(book_bid,toc) values (14466324,'Section 103 데이터 통신');
insert into salpa.toc(book_bid,toc) values (14466324,'Section 104 인터넷');
insert into salpa.toc(book_bid,toc) values (14466324,'Section 105 모바일 컴퓨팅');
insert into salpa.toc(book_bid,toc) values (14466324,'Section 106 기타 신기술 동향');
insert into salpa.toc(book_bid,toc) values (14466324,'예상문제은행');
insert into salpa.toc(book_bid,toc) values (14466324,'2권 부록');
insert into salpa.toc(book_bid,toc) values (14466324,'영문 약어 모음');
insert into salpa.toc(book_bid,toc) values (14466324,'2과목 데이터베이스 실무 응용 정답 및 해설');
insert into salpa.toc(book_bid,toc) values (14466324,'3과목 업무 프로세스 실무 응용 정답 및 해설');
insert into salpa.toc(book_bid,toc) values (14466324,'4과목 IT 신기술 동향 및 시스템 관리, 전산 영어 정답 및 해설');
insert into salpa.toc(book_bid,toc) values (14466324,'[PDF 부록 ]');
insert into salpa.toc(book_bid,toc) values (14466324,'2016년 이전 신기술 용어');
insert into salpa.toc(book_bid,toc) values (14466324,'Section 107 컴퓨터 개념 ‘신기술용어.PDF’ 파일');
insert into salpa.toc(book_bid,toc) values (14466324,'Section 108 인터넷 ‘신기술용어.PDF’ 파일');
insert into salpa.toc(book_bid,toc) values (14466324,'JAVA 코드');
insert into salpa.toc(book_bid,toc) values (14466324,'3장 기본 알고리즘 ? 수열 JAVA 코드와 해설');
insert into salpa.toc(book_bid,toc) values (14466324,'4장 기본 알고리즘 - 수학 JAVA 코드와 해설');
insert into salpa.toc(book_bid,toc) values (14466324,'5장 응용 알고리즘 - 자료 구조 JAVA 코드와 해설');
insert into salpa.toc(book_bid,toc) values (14466324,'6장 응용 알고리즘 - 배열 JAVA 코드와 해설');
insert into salpa.toc(book_bid,toc) values (14466324,'7장 실무 응용 알고리즘 JAVA 코드와 해설');
insert into salpa.toc(book_bid,toc) values (14466324,'※ ‘신기술용어.pdf’와 ‘JAVA코드.pdf’ 파일은 시나공 카페(sinagong.gilbut.co.kr)의 [자료실]에 등록되어 있습니다.');
insert into salpa.toc(book_bid,toc) values (14466324,'[별책 부록] C와 JAVA의 기본 + 알고리즘 해법 + 최신기출문제');
insert into salpa.toc(book_bid,toc) values (14466324,'1부 알고리즘 해법');
insert into salpa.toc(book_bid,toc) values (14466324,'Section 001 순서도와 C언어의 기본');
insert into salpa.toc(book_bid,toc) values (14466324,'Section 002 C언어의 제어문');
insert into salpa.toc(book_bid,toc) values (14466324,'Section 003 C언어의 포인터와 배열');
insert into salpa.toc(book_bid,toc) values (14466324,'Section 004 C언어 함수');
insert into salpa.toc(book_bid,toc) values (14466324,'Section 005 JAVA의 기초');
insert into salpa.toc(book_bid,toc) values (14466324,'Section 006 디버깅');
insert into salpa.toc(book_bid,toc) values (14466324,'Section 007 알고리즘 유형1 - 수열');
insert into salpa.toc(book_bid,toc) values (14466324,'Section 008 알고리즘 유형2 - 수학');
insert into salpa.toc(book_bid,toc) values (14466324,'Section 009 알고리즘 유형3 - 자료 구조');
insert into salpa.toc(book_bid,toc) values (14466324,'Section 010 알고리즘 유형4 - 배열');
insert into salpa.toc(book_bid,toc) values (14466324,'Section 011 알고리즘 유형5 - 실무 응용');
insert into salpa.toc(book_bid,toc) values (14466324,'2부 최신기출문제');
insert into salpa.toc(book_bid,toc) values (14466324,'2018년 10월 정보처리기사 실기');
insert into salpa.toc(book_bid,toc) values (14466324,'2018년 10월 정보처리산업기사 실기');
insert into salpa.toc(book_bid,toc) values (14466324,'2018년 6월 정보처리기사 실기');
insert into salpa.toc(book_bid,toc) values (14466324,'2018년 6월 정보처리산업기사 실기');
insert into salpa.toc(book_bid,toc) values (14466324,'2018년 4월 정보처리기사 실기');
insert into salpa.toc(book_bid,toc) values (14466324,'2018년 4월 정보처리산업기사 실기');
insert into salpa.toc(book_bid,toc) values (14466324,'2017년 10월 정보처리기사 실기 - ‘최신기출문제.PDF’ 파일');
insert into salpa.toc(book_bid,toc) values (14466324,'2017년 10월 정보처리산업기사 실기 - ‘최신기출문제.PDF’ 파일');
insert into salpa.toc(book_bid,toc) values (14466324,'2017년 6월 정보처리기사 실기 - ‘최신기출문제.PDF’ 파일');
insert into salpa.toc(book_bid,toc) values (14466324,'2017년 6월 정보처리산업기사 실기 - ‘최신기출문제.PDF’ 파일');
insert into salpa.toc(book_bid,toc) values (14466324,'2017년 4월 정보처리기사 실기 - ‘최신기출문제.PDF’ 파일');
insert into salpa.toc(book_bid,toc) values (14466324,'2017년 4월 정보처리산업기사 실기- ‘최신기출문제.PDF’ 파일');
insert into salpa.toc(book_bid,toc) values (14466324,'3부 정답 및 해설');
insert into salpa.toc(book_bid,toc) values (14466324,'알고리즘 해법 정답 및 해설');
insert into salpa.toc(book_bid,toc) values (14466324,'최신기출문제 정답 및 해설');
insert into salpa.toc(book_bid,toc) values (14466324,'※ 2019년 4월 이후 시행된 기출문제와 최신출제경향은 E-mail 서비스를 통해 제공됩니다.');
insert into salpa.toc(book_bid,toc) values (14466324,'※ 신기술용어.pdf, JAVA코드.pdf, 최신기출문제.pdf 파일은 시나공 카페(sinagong.gilbut.co.kr)의 [자료실]에 등록되어 있습니다.');
insert into salpa.toc(book_bid,toc) values (15077395,'BOOK1');
insert into salpa.toc(book_bid,toc) values (15077395,'1. 수의 범위와 어림하기');
insert into salpa.toc(book_bid,toc) values (15077395,'2. 분수의 곱셈');
insert into salpa.toc(book_bid,toc) values (15077395,'3. 합동과 대칭');
insert into salpa.toc(book_bid,toc) values (15077395,'4. 소수의 곱셈');
insert into salpa.toc(book_bid,toc) values (15077395,'5. 직육면체');
insert into salpa.toc(book_bid,toc) values (15077395,'6. 평균과 가능성');
insert into salpa.toc(book_bid,toc) values (15077395,'BOOK2');
insert into salpa.toc(book_bid,toc) values (15077395,'1. 수의 범위와 어림하기');
insert into salpa.toc(book_bid,toc) values (15077395,'2. 분수의 곱셈');
insert into salpa.toc(book_bid,toc) values (15077395,'3. 합동과 대칭');
insert into salpa.toc(book_bid,toc) values (15077395,'4. 소수의 곱셈');
insert into salpa.toc(book_bid,toc) values (15077395,'5. 직육면체');
insert into salpa.toc(book_bid,toc) values (15077395,'6. 평균과 가능성');
insert into salpa.toc(book_bid,toc) values (15077395,'BOOK3 해설책');
insert into salpa.toc(book_bid,toc) values (16236628,'머리말 _ 물리학은 예술가들에게 가장 큰 영감을 선사한 뮤즈였다!');
insert into salpa.toc(book_bid,toc) values (16236628,'Chapter 1. 빛으로 그리고 물리로 색칠한 그림');
insert into salpa.toc(book_bid,toc) values (16236628,'· 그때 태양에 무슨 일이 있었던 걸까?');
insert into salpa.toc(book_bid,toc) values (16236628,': 피테르 브뢰헬, [새덫이 있는 겨울 풍경] | 소빙하기');
insert into salpa.toc(book_bid,toc) values (16236628,'· 흔들리는 건 물결이었을까, 그들의 마음이었을까?');
insert into salpa.toc(book_bid,toc) values (16236628,': 오귀스트 르누아르, [라 그르누예르] · 클로드 모네, [라 그르누예르] | 파동과 간섭');
insert into salpa.toc(book_bid,toc) values (16236628,'· 오키프를 다시 태어나게 한 산타페의 푸른 하늘');
insert into salpa.toc(book_bid,toc) values (16236628,': 조지아 오키프, [흰 구름과 페더널 산의 붉은 언덕] | 레일리 산란과 미 산란');
insert into salpa.toc(book_bid,toc) values (16236628,'· 신을 그리던 빛, 인류의 미래를 그리다');
insert into salpa.toc(book_bid,toc) values (16236628,': 마르크 샤갈, 성 슈테판 교회 스테인드글라스 | 퀀텀닷과 나노입자의 과학');
insert into salpa.toc(book_bid,toc) values (16236628,'· 원자와 함께 왈츠를! “셸 위 댄스?”');
insert into salpa.toc(book_bid,toc) values (16236628,': 오귀스트 르누아르, [물랭 드 라 갈레트의 무도회] | 포논과 포톤의 물리학');
insert into salpa.toc(book_bid,toc) values (16236628,'· 하늘 표정을 그리고 싶었던 화가');
insert into salpa.toc(book_bid,toc) values (16236628,': 존 컨스터블, [건초 마차] | 구름 생성 원리와 구름상자');
insert into salpa.toc(book_bid,toc) values (16236628,'· 아무것도 아닌 나를 그리기까지');
insert into salpa.toc(book_bid,toc) values (16236628,': 렘브란트 반 레인, [웃고 있는 렘브란트] | 빛의 방향에 따른 광선');
insert into salpa.toc(book_bid,toc) values (16236628,'· 서양화에는 있고 동양화에는 없는 것');
insert into salpa.toc(book_bid,toc) values (16236628,': 신윤복, [단오풍정] | 빛과 그림자');
insert into salpa.toc(book_bid,toc) values (16236628,'· 평면의 캔버스에서 느껴지는 공간감의 비밀');
insert into salpa.toc(book_bid,toc) values (16236628,': 요하네스 베르메르, [우유 따르는 여인] | 원근법과 카메라 옵스큐라');
insert into salpa.toc(book_bid,toc) values (16236628,'Chapter 2. ‘과학’이라는 뮤즈를 그린 그림');
insert into salpa.toc(book_bid,toc) values (16236628,'· 얼마나 멀리서 보아야 가장 아름답게 보일까?');
insert into salpa.toc(book_bid,toc) values (16236628,': 조르주 쇠라, [그랑드 자트 섬의 일요일 오후] | 빛의 본질과 본다는 행위의 과학');
insert into salpa.toc(book_bid,toc) values (16236628,'· 화폭에 담긴 불멸의 찰나');
insert into salpa.toc(book_bid,toc) values (16236628,': 클로드 모네, [건초더미, 지베르니의 여름 끝자락] | 프레넬 법칙');
insert into salpa.toc(book_bid,toc) values (16236628,'· 사랑의 빛깔');
insert into salpa.toc(book_bid,toc) values (16236628,': 마르크 샤갈, [나와 마을] | 영-헬름홀츠의 삼색설');
insert into salpa.toc(book_bid,toc) values (16236628,'· 볼 수 없는 것을 그리다');
insert into salpa.toc(book_bid,toc) values (16236628,': 바실리 칸딘스키, [노랑 빨강 파랑] | 음파와 중력파');
insert into salpa.toc(book_bid,toc) values (16236628,'· 작은 우주를 유영하는 생명들');
insert into salpa.toc(book_bid,toc) values (16236628,': 구스타브 클림트, [아델레 블로흐 바우어Ⅰ] | 빛의 파장 한계와 브라운 운동');
insert into salpa.toc(book_bid,toc) values (16236628,'· 반발하는 만큼 더 견고하게 응집하는 색');
insert into salpa.toc(book_bid,toc) values (16236628,': 빈센트 반 고흐, [노란 집] | 보색대비');
insert into salpa.toc(book_bid,toc) values (16236628,'· 불안을 키우는 미술');
insert into salpa.toc(book_bid,toc) values (16236628,': 빅토르 바자렐리, [얼룩말] | 프랙털 기하학과 카오스');
insert into salpa.toc(book_bid,toc) values (16236628,'· ‘일요일 화가’의 꿈');
insert into salpa.toc(book_bid,toc) values (16236628,': 앙리 루소, [잠자는 집시] | 전자기유도현상');
insert into salpa.toc(book_bid,toc) values (16236628,'Chapter 3. 슈뢰딩거의 고양이가 그린 그림');
insert into salpa.toc(book_bid,toc) values (16236628,'· 무질서로 가득한 우주 속 고요');
insert into salpa.toc(book_bid,toc) values (16236628,': 잭슨 폴록, [가을 리듬(No. 30)] | 엔트로피와 열역학 제3 법칙');
insert into salpa.toc(book_bid,toc) values (16236628,'· 흐르는 시간을 멈출 수 있다면');
insert into salpa.toc(book_bid,toc) values (16236628,': 살바도르 달리, [폭발하는 라파엘의 머리] | 핵물리학');
insert into salpa.toc(book_bid,toc) values (16236628,'· 상상이 과학을 만났을 때');
insert into salpa.toc(book_bid,toc) values (16236628,': 르네 마그리트, [데칼코마니] | 메타물질');
insert into salpa.toc(book_bid,toc) values (16236628,'· 불가사의한 우주의 한 단면');
insert into salpa.toc(book_bid,toc) values (16236628,': 파블로 피카소, [아비뇽의 처녀들] | 양자역학과 양자 체셔 고양이');
insert into salpa.toc(book_bid,toc) values (16236628,'· 태어나려는 자는 한 세계를 파괴해야 한다');
insert into salpa.toc(book_bid,toc) values (16236628,': 블라디미르 쿠쉬, [해돋이 해변] | 불확정성의 원리와 슈뢰딩거의 고양이');
insert into salpa.toc(book_bid,toc) values (16236628,'· 춤추는 원자들');
insert into salpa.toc(book_bid,toc) values (16236628,': 앙리 마티스, [춤 Ⅱ] | 원자모형, 음의 높낮이와 파동');
insert into salpa.toc(book_bid,toc) values (16236628,'· 낮은 차원의 세계');
insert into salpa.toc(book_bid,toc) values (16236628,': 피에트 몬드리안, [빨강, 파랑, 노랑의 구성] | 낮은 차원의 물질과 탄소 동소체');
insert into salpa.toc(book_bid,toc) values (16236628,'Chapter 4. 물리학으로 되돌린 그림의 시간');
insert into salpa.toc(book_bid,toc) values (16236628,'· [모나리자]를 다 알고 있다고 자신할 수 있는가?');
insert into salpa.toc(book_bid,toc) values (16236628,': 레오나르도 다빈치, [모나리자] | 빛의 파장과 침투깊이');
insert into salpa.toc(book_bid,toc) values (16236628,'· 나치까지 속인 희대의 위작 스캔들');
insert into salpa.toc(book_bid,toc) values (16236628,': 요하네스 베르메르, [편지를 읽는 여인] | 테라헤르츠파 분석');
insert into salpa.toc(book_bid,toc) values (16236628,'· 빛을 비추자 나타난 그림 속에 숨겨진 여인');
insert into salpa.toc(book_bid,toc) values (16236628,': 빈센트 반 고흐, [카페에서, 르 탱부랭의 아고스티나 세가토리] | 다양한 빛을 이용한 비파괴 검사');
insert into salpa.toc(book_bid,toc) values (16236628,'· 명작이 탄생하는 순간, 그곳에 과학이 있었다');
insert into salpa.toc(book_bid,toc) values (16236628,': 얀 반 에이크, [아르놀피니 부부의 초상] | 유화의 탄생과 발전');
insert into salpa.toc(book_bid,toc) values (16236628,'· 그림 속 미스터리를 풀다');
insert into salpa.toc(book_bid,toc) values (16236628,': 빈센트 반 고흐, [해바라기] | 첨단 과학 기술을 이용한 그림 분석');
insert into salpa.toc(book_bid,toc) values (16236628,'· 그림의 시간을 되돌리는 자');
insert into salpa.toc(book_bid,toc) values (16236628,': 레오나르도 다빈치, [최후의 만찬] | 미술품 복원');
insert into salpa.toc(book_bid,toc) values (16241131,'[1권]');
insert into salpa.toc(book_bid,toc) values (16241131,'00 준비운동');
insert into salpa.toc(book_bid,toc) values (16241131,'1. 정보처리기사 실기 시험, 이렇게 준비하세요.');
insert into salpa.toc(book_bid,toc) values (16241131,'2 시험 접수부터 자격증 받기까지 한 눈에 살펴볼까요?');
insert into salpa.toc(book_bid,toc) values (16241131,'3. 정 보처리기사 실기 시험, 이것이 궁금하다! - Q&amp;A');
insert into salpa.toc(book_bid,toc) values (16241131,'1장. 프로그래밍 언어 활용');
insert into salpa.toc(book_bid,toc) values (16241131,'Section 001 데이터 타입');
insert into salpa.toc(book_bid,toc) values (16241131,'Section 002 변수');
insert into salpa.toc(book_bid,toc) values (16241131,'Section 003 데이터 입·출력');
insert into salpa.toc(book_bid,toc) values (16241131,'Section 004 연산자');
insert into salpa.toc(book_bid,toc) values (16241131,'Section 005 제어문');
insert into salpa.toc(book_bid,toc) values (16241131,'Section 006 반복문');
insert into salpa.toc(book_bid,toc) values (16241131,'Section 007 배열과 문자열');
insert into salpa.toc(book_bid,toc) values (16241131,'Section 008 포인터');
insert into salpa.toc(book_bid,toc) values (16241131,'Section 009 사용자 정의 함수');
insert into salpa.toc(book_bid,toc) values (16241131,'Section 010 Java의 클래스와 메소드');
insert into salpa.toc(book_bid,toc) values (16241131,'Section 011 Python의 기초');
insert into salpa.toc(book_bid,toc) values (16241131,'Section 012 Python의 활용');
insert into salpa.toc(book_bid,toc) values (16241131,'Section 013 라이브러리');
insert into salpa.toc(book_bid,toc) values (16241131,'Section 014 절차적 프로그래밍 언어');
insert into salpa.toc(book_bid,toc) values (16241131,'Section 015 객체지향 프로그래밍 언어');
insert into salpa.toc(book_bid,toc) values (16241131,'Section 016 스크립트 언어');
insert into salpa.toc(book_bid,toc) values (16241131,'Section 017 선언형 언어');
insert into salpa.toc(book_bid,toc) values (16241131,'Section 018 예외 처리');
insert into salpa.toc(book_bid,toc) values (16241131,'예상문제은행');
insert into salpa.toc(book_bid,toc) values (16241131,'2장. 요구사항 확인');
insert into salpa.toc(book_bid,toc) values (16241131,'Section 019 현행 시스템 파악');
insert into salpa.toc(book_bid,toc) values (16241131,'Section 020 개발 기술 환경 파악');
insert into salpa.toc(book_bid,toc) values (16241131,'Section 021 요구사항 정의');
insert into salpa.toc(book_bid,toc) values (16241131,'Section 022 요구사항 분석 기법');
insert into salpa.toc(book_bid,toc) values (16241131,'Section 023 요구사항 확인 기법');
insert into salpa.toc(book_bid,toc) values (16241131,'Section 024 UML(Unified Modeling Language)');
insert into salpa.toc(book_bid,toc) values (16241131,'Section 025 유스케이스(Use Case) 다이어그램');
insert into salpa.toc(book_bid,toc) values (16241131,'Section 026 활동(Activity) 다이어그램');
insert into salpa.toc(book_bid,toc) values (16241131,'Section 027 클래스(Class) 다이어그램');
insert into salpa.toc(book_bid,toc) values (16241131,'Section 028 시퀀스(Sequence) 다이어그램');
insert into salpa.toc(book_bid,toc) values (16241131,'Section 029 커뮤니케이션(Communication) 다이어그램');
insert into salpa.toc(book_bid,toc) values (16241131,'Section 030 상태(Status) 다이어그램');
insert into salpa.toc(book_bid,toc) values (16241131,'예상문제은행');
insert into salpa.toc(book_bid,toc) values (16241131,'3장. 데이터 입·출력 구현');
insert into salpa.toc(book_bid,toc) values (16241131,'Section 031 데이터 모델의 개념');
insert into salpa.toc(book_bid,toc) values (16241131,'Section 032 이상/함수적 종속/정규화');
insert into salpa.toc(book_bid,toc) values (16241131,'Section 033 논리 데이터 모델의 물리 데이터 모델로 변환');
insert into salpa.toc(book_bid,toc) values (16241131,'Section 034 반정규화(Denormalization)');
insert into salpa.toc(book_bid,toc) values (16241131,'Section 035 인덱스 설계');
insert into salpa.toc(book_bid,toc) values (16241131,'Section 036 뷰 설계');
insert into salpa.toc(book_bid,toc) values (16241131,'Section 037 클러스터 설계');
insert into salpa.toc(book_bid,toc) values (16241131,'Section 038 파티션 설계');
insert into salpa.toc(book_bid,toc) values (16241131,'Section 039 데이터베이스 용량 설계');
insert into salpa.toc(book_bid,toc) values (16241131,'예상문제은행');
insert into salpa.toc(book_bid,toc) values (16241131,'4장. 통합 구현');
insert into salpa.toc(book_bid,toc) values (16241131,'Section 040 연계 요구사항 분석');
insert into salpa.toc(book_bid,toc) values (16241131,'Section 041 연계 데이터 식별 및 표준화');
insert into salpa.toc(book_bid,toc) values (16241131,'Section 042 연계 메커니즘 정의');
insert into salpa.toc(book_bid,toc) values (16241131,'Section 043 연계 장애 및 오류처리 구현');
insert into salpa.toc(book_bid,toc) values (16241131,'Section 044 연계 데이터 보안 적용');
insert into salpa.toc(book_bid,toc) values (16241131,'Section 045 연계 모듈 구현 환경');
insert into salpa.toc(book_bid,toc) values (16241131,'Section 046 XML(eXtensible Markup Language)');
insert into salpa.toc(book_bid,toc) values (16241131,'Section 047 연계 테스트');
insert into salpa.toc(book_bid,toc) values (16241131,'예상문제은행');
insert into salpa.toc(book_bid,toc) values (16241131,'5장. 서버 프로그램 구현');
insert into salpa.toc(book_bid,toc) values (16241131,'Section 048 개발 환경 구축');
insert into salpa.toc(book_bid,toc) values (16241131,'Section 049 모듈');
insert into salpa.toc(book_bid,toc) values (16241131,'Section 050 공통 모듈');
insert into salpa.toc(book_bid,toc) values (16241131,'Section 051 DBMS 접속(Connection)');
insert into salpa.toc(book_bid,toc) values (16241131,'Section 052 서버 개발');
insert into salpa.toc(book_bid,toc) values (16241131,'Section 053 서버 개발 과정');
insert into salpa.toc(book_bid,toc) values (16241131,'Section 054 배치 프로그램');
insert into salpa.toc(book_bid,toc) values (16241131,'예상문제은행');
insert into salpa.toc(book_bid,toc) values (16241131,'[2권]');
insert into salpa.toc(book_bid,toc) values (16241131,'6장. 화면 설계');
insert into salpa.toc(book_bid,toc) values (16241131,'Section 055 사용자 인터페이스');
insert into salpa.toc(book_bid,toc) values (16241131,'Section 056 UI 표준 및 지침');
insert into salpa.toc(book_bid,toc) values (16241131,'Section 057 UI 요구사항 확인');
insert into salpa.toc(book_bid,toc) values (16241131,'Section 058 UI 프로토타입 제작 및 검토');
insert into salpa.toc(book_bid,toc) values (16241131,'Section 059 UI 흐름 설계');
insert into salpa.toc(book_bid,toc) values (16241131,'Section 060 UI 상세 설계');
insert into salpa.toc(book_bid,toc) values (16241131,'예상문제은행');
insert into salpa.toc(book_bid,toc) values (16241131,'7장. 애플리케이션 테스트 관리');
insert into salpa.toc(book_bid,toc) values (16241131,'Section 061 애플리케이션 테스트');
insert into salpa.toc(book_bid,toc) values (16241131,'Section 062 애플리케이션 테스트의 분류');
insert into salpa.toc(book_bid,toc) values (16241131,'Section 063 테스트 기법에 따른 애플리케이션 테스트');
insert into salpa.toc(book_bid,toc) values (16241131,'Section 064 개발 단계에 따른 애플리케이션 테스트');
insert into salpa.toc(book_bid,toc) values (16241131,'Section 065 통합 테스트');
insert into salpa.toc(book_bid,toc) values (16241131,'Section 066 애플리케이션 테스트 프로세스');
insert into salpa.toc(book_bid,toc) values (16241131,'Section 067 테스트 케이스 / 테스트 시나리오 / 테스트 오라클');
insert into salpa.toc(book_bid,toc) values (16241131,'Section 068 테스트 자동화 도구');
insert into salpa.toc(book_bid,toc) values (16241131,'Section 069 결함 관리');
insert into salpa.toc(book_bid,toc) values (16241131,'Section 070 애플리케이션 성능 분석');
insert into salpa.toc(book_bid,toc) values (16241131,'Section 071 애플리케이션 성능 개선');
insert into salpa.toc(book_bid,toc) values (16241131,'예상문제은행');
insert into salpa.toc(book_bid,toc) values (16241131,'8장. SQL 응용');
insert into salpa.toc(book_bid,toc) values (16241131,'Section 072 SQL - DDL');
insert into salpa.toc(book_bid,toc) values (16241131,'Section 073 SQL - DCL');
insert into salpa.toc(book_bid,toc) values (16241131,'Section 074 SQL - DML');
insert into salpa.toc(book_bid,toc) values (16241131,'Section 075 DML - SELECT-1');
insert into salpa.toc(book_bid,toc) values (16241131,'Section 076 DML - SELECT-2');
insert into salpa.toc(book_bid,toc) values (16241131,'Section 077 프로시저(Procedure)');
insert into salpa.toc(book_bid,toc) values (16241131,'Section 078 트리거(Trigger)');
insert into salpa.toc(book_bid,toc) values (16241131,'Section 079 사용자 정의 함수');
insert into salpa.toc(book_bid,toc) values (16241131,'Section 080 제어문');
insert into salpa.toc(book_bid,toc) values (16241131,'Section 081 커서(Cyrsor)');
insert into salpa.toc(book_bid,toc) values (16241131,'예상문제은행');
insert into salpa.toc(book_bid,toc) values (16241131,'9장. 소프트웨어 개발 보안 구축');
insert into salpa.toc(book_bid,toc) values (16241131,'Section 082 소프트웨어 개발 보안');
insert into salpa.toc(book_bid,toc) values (16241131,'Section 083 Secure SDLC');
insert into salpa.toc(book_bid,toc) values (16241131,'Section 084 세션 통제');
insert into salpa.toc(book_bid,toc) values (16241131,'Section 085 입력 데이터 검증 및 표현');
insert into salpa.toc(book_bid,toc) values (16241131,'Section 086 보안 기능');
insert into salpa.toc(book_bid,toc) values (16241131,'Section 087 시간 및 상태');
insert into salpa.toc(book_bid,toc) values (16241131,'Section 088 에러처리');
insert into salpa.toc(book_bid,toc) values (16241131,'Section 089 코드 오류');
insert into salpa.toc(book_bid,toc) values (16241131,'Section 090 캡슐화');
insert into salpa.toc(book_bid,toc) values (16241131,'Section 091 API 오용');
insert into salpa.toc(book_bid,toc) values (16241131,'Section 092 암호 알고리즘');
insert into salpa.toc(book_bid,toc) values (16241131,'예상문제은행');
insert into salpa.toc(book_bid,toc) values (16241131,'10장. 응용 SW 기초 기술 활용');
insert into salpa.toc(book_bid,toc) values (16241131,'Section 093 운영체제의 개념');
insert into salpa.toc(book_bid,toc) values (16241131,'Section 094 운영체제의 종류');
insert into salpa.toc(book_bid,toc) values (16241131,'Section 095 운영체제의 기본 명령어');
insert into salpa.toc(book_bid,toc) values (16241131,'Section 096 기억장치 관리');
insert into salpa.toc(book_bid,toc) values (16241131,'Section 097 프로세스 관리');
insert into salpa.toc(book_bid,toc) values (16241131,'Section 098 데이터베이스 개념');
insert into salpa.toc(book_bid,toc) values (16241131,'Section 099 ER(Entity Relationship) 모델');
insert into salpa.toc(book_bid,toc) values (16241131,'Section 100 관계형 데이터 모델');
insert into salpa.toc(book_bid,toc) values (16241131,'Section 101 키의 개념 및 종류');
insert into salpa.toc(book_bid,toc) values (16241131,'Section 102 무결성');
insert into salpa.toc(book_bid,toc) values (16241131,'Section 103 네트워크/인터넷');
insert into salpa.toc(book_bid,toc) values (16241131,'Section 104 OSI 참조 모델');
insert into salpa.toc(book_bid,toc) values (16241131,'Section 105 네트워크 관련 장비');
insert into salpa.toc(book_bid,toc) values (16241131,'Section 106 TCP/IP');
insert into salpa.toc(book_bid,toc) values (16241131,'Section 107 데이터 교환 방식/라우팅');
insert into salpa.toc(book_bid,toc) values (16241131,'예상문제은행');
insert into salpa.toc(book_bid,toc) values (16241131,'11장. 제품 소프트웨어 패키징');
insert into salpa.toc(book_bid,toc) values (16241131,'Section 108 소프트웨어 패키징');
insert into salpa.toc(book_bid,toc) values (16241131,'Section 109 릴리즈 노트 작성');
insert into salpa.toc(book_bid,toc) values (16241131,'Section 110 디지털 저작권 관리(DRM)');
insert into salpa.toc(book_bid,toc) values (16241131,'Section 111 소프트웨어 설치 매뉴얼 작성');
insert into salpa.toc(book_bid,toc) values (16241131,'Section 112 소프트웨어 사용자 매뉴얼 작성');
insert into salpa.toc(book_bid,toc) values (16241131,'Section 113 소프트웨어 버전 등록');
insert into salpa.toc(book_bid,toc) values (16241131,'Section 114 소프트웨어 버전 관리 도구');
insert into salpa.toc(book_bid,toc) values (16241131,'Section 115 빌드 자동화 도구');
insert into salpa.toc(book_bid,toc) values (16241131,'예상문제은행');
insert into salpa.toc(book_bid,toc) values (16311458,'『 1권 』');
insert into salpa.toc(book_bid,toc) values (16311458,'I 요구사항 확인');
insert into salpa.toc(book_bid,toc) values (16311458,'chapter 01. 현행 시스템 분석');
insert into salpa.toc(book_bid,toc) values (16311458,'1. 현행 시스템 파악');
insert into salpa.toc(book_bid,toc) values (16311458,'2. 개발 기술 환경 정의');
insert into salpa.toc(book_bid,toc) values (16311458,'chapter 02. 요구사항 확인');
insert into salpa.toc(book_bid,toc) values (16311458,'1. 요구사항');
insert into salpa.toc(book_bid,toc) values (16311458,'2. 요구사항의 시스템화 타당성 분석');
insert into salpa.toc(book_bid,toc) values (16311458,'NCS 천기누설 예상문제');
insert into salpa.toc(book_bid,toc) values (16311458,'chapter 03. 분석 모델 확인하기');
insert into salpa.toc(book_bid,toc) values (16311458,'1. 분석 모델 검증');
insert into salpa.toc(book_bid,toc) values (16311458,'2. 분석 모델의 시스템화 타당성 분석');
insert into salpa.toc(book_bid,toc) values (16311458,'NCS 선견지명 단원종합문제');
insert into salpa.toc(book_bid,toc) values (16311458,'II 데이터 입출력 구현');
insert into salpa.toc(book_bid,toc) values (16311458,'chapter 01. 논리 데이터 저장소 확인');
insert into salpa.toc(book_bid,toc) values (16311458,'1. 논리 데이터 모델 검증');
insert into salpa.toc(book_bid,toc) values (16311458,'NCS 천기누설 예상문제');
insert into salpa.toc(book_bid,toc) values (16311458,'chapter 02.물리 데이터 저장소 설계');
insert into salpa.toc(book_bid,toc) values (16311458,'1. 물리 데이터 모델 설계');
insert into salpa.toc(book_bid,toc) values (16311458,'2. 물리 데이터 저장소 구성');
insert into salpa.toc(book_bid,toc) values (16311458,'NCS 천기누설 예상문제');
insert into salpa.toc(book_bid,toc) values (16311458,'chapter 03.데이터 조작 프로시저 작성');
insert into salpa.toc(book_bid,toc) values (16311458,'1. 데이터 조작 프로시저 개발');
insert into salpa.toc(book_bid,toc) values (16311458,'2. 데이터 조작 프로시저 테스트');
insert into salpa.toc(book_bid,toc) values (16311458,'NCS 천기누설 예상문제');
insert into salpa.toc(book_bid,toc) values (16311458,'chapter 04.데이터 조작 프로시저 최적화');
insert into salpa.toc(book_bid,toc) values (16311458,'1. 데이터 조작 프로시저 성능개선');
insert into salpa.toc(book_bid,toc) values (16311458,'NCS 천기누설 예상문제');
insert into salpa.toc(book_bid,toc) values (16311458,'NCS 선견지명 단원종합문제');
insert into salpa.toc(book_bid,toc) values (16311458,'Ⅲ 통합 구현');
insert into salpa.toc(book_bid,toc) values (16311458,'chapter 01.연계 데이터 구성');
insert into salpa.toc(book_bid,toc) values (16311458,'1. 연계 요구사항 분석');
insert into salpa.toc(book_bid,toc) values (16311458,'2. 연계 데이터 식별 및 표준화');
insert into salpa.toc(book_bid,toc) values (16311458,'NCS 천기누설 예상문제');
insert into salpa.toc(book_bid,toc) values (16311458,'chapter 02.연계 메커니즘 구성');
insert into salpa.toc(book_bid,toc) values (16311458,'1. 연계 메커니즘 정의');
insert into salpa.toc(book_bid,toc) values (16311458,'2. 연계 장애 및 오류처리 구현');
insert into salpa.toc(book_bid,toc) values (16311458,'NCS 천기누설 예상문제');
insert into salpa.toc(book_bid,toc) values (16311458,'chapter 03.내외부 연계 모듈 구현');
insert into salpa.toc(book_bid,toc) values (16311458,'1. 연계 모듈 구현 환경 구성 및 개발');
insert into salpa.toc(book_bid,toc) values (16311458,'2. 연계 테스트 및 검증');
insert into salpa.toc(book_bid,toc) values (16311458,'NCS 천기누설 예상문제');
insert into salpa.toc(book_bid,toc) values (16311458,'NCS 선견지명 단원종합문제');
insert into salpa.toc(book_bid,toc) values (16311458,'Ⅳ 서버프로그램 구현');
insert into salpa.toc(book_bid,toc) values (16311458,'chapter 01. 개발환경 구축');
insert into salpa.toc(book_bid,toc) values (16311458,'1. 개발환경 구축');
insert into salpa.toc(book_bid,toc) values (16311458,'NCS 천기누설 예상문제');
insert into salpa.toc(book_bid,toc) values (16311458,'chapter 02. 공통 모듈 구현');
insert into salpa.toc(book_bid,toc) values (16311458,'1. 공통 모듈 구현');
insert into salpa.toc(book_bid,toc) values (16311458,'2. 공통 모듈 테스트');
insert into salpa.toc(book_bid,toc) values (16311458,'NCS 천기누설 예상문제');
insert into salpa.toc(book_bid,toc) values (16311458,'chapter 03. 서버 프로그램 구현');
insert into salpa.toc(book_bid,toc) values (16311458,'1. 서버 프로그램 구현');
insert into salpa.toc(book_bid,toc) values (16311458,'NCS 천기누설 예상문제');
insert into salpa.toc(book_bid,toc) values (16311458,'chapter 04. 배치 프로그램 구현');
insert into salpa.toc(book_bid,toc) values (16311458,'1. 배치 프로그램');
insert into salpa.toc(book_bid,toc) values (16311458,'NCS 천기누설 예상문제');
insert into salpa.toc(book_bid,toc) values (16311458,'NCS 선견지명 단원종합문제');
insert into salpa.toc(book_bid,toc) values (16311458,'Ⅴ 인터페이스 구현');
insert into salpa.toc(book_bid,toc) values (16311458,'chapter 01. 인터페이스 설계 확인');
insert into salpa.toc(book_bid,toc) values (16311458,'1. 외부, 내부 모듈 간 공통 기능 및 데이터 인터페이스 확인');
insert into salpa.toc(book_bid,toc) values (16311458,'2. 외부 및 내부 모듈 연계를 위한 인터페이스 기능 식별');
insert into salpa.toc(book_bid,toc) values (16311458,'3. 외부 및 내부 모듈 간 인터페이스 데이터 표준 확인');
insert into salpa.toc(book_bid,toc) values (16311458,'NCS 천기누설 예상문제');
insert into salpa.toc(book_bid,toc) values (16311458,'chapter 02. 인터페이스 기능 구현');
insert into salpa.toc(book_bid,toc) values (16311458,'1. 인터페이스 기능 구현 정의');
insert into salpa.toc(book_bid,toc) values (16311458,'2. 인터페이스 기능 구현');
insert into salpa.toc(book_bid,toc) values (16311458,'3. 인터페이스 예외 처리 방안');
insert into salpa.toc(book_bid,toc) values (16311458,'4. 인터페이스 보안 기능 적용');
insert into salpa.toc(book_bid,toc) values (16311458,'NCS 천기누설 예상문제');
insert into salpa.toc(book_bid,toc) values (16311458,'chapter 03. 인터페이스 구현 검증');
insert into salpa.toc(book_bid,toc) values (16311458,'1. 인터페이스 구현 검증');
insert into salpa.toc(book_bid,toc) values (16311458,'2. 인터페이스 오류 처리 확인 및 보고서 작성');
insert into salpa.toc(book_bid,toc) values (16311458,'NCS 천기누설 예상문제');
insert into salpa.toc(book_bid,toc) values (16311458,'NCS 선견지명 단원종합문제');
insert into salpa.toc(book_bid,toc) values (16311458,'Ⅵ 화면 설계');
insert into salpa.toc(book_bid,toc) values (16311458,'chapter 01. UI 요구사항 확인');
insert into salpa.toc(book_bid,toc) values (16311458,'1. UI 요구사항 확인');
insert into salpa.toc(book_bid,toc) values (16311458,'2. UI 표준');
insert into salpa.toc(book_bid,toc) values (16311458,'3. UI 지침');
insert into salpa.toc(book_bid,toc) values (16311458,'4. 스토리보드');
insert into salpa.toc(book_bid,toc) values (16311458,'5. UI 프로토타입 제작 및 검토');
insert into salpa.toc(book_bid,toc) values (16311458,'NCS 천기누설 예상문제');
insert into salpa.toc(book_bid,toc) values (16311458,'chapter 02. UI 설계');
insert into salpa.toc(book_bid,toc) values (16311458,'1. UI 흐름설계');
insert into salpa.toc(book_bid,toc) values (16311458,'2. UI 상세설계');
insert into salpa.toc(book_bid,toc) values (16311458,'3. UI 설계 도구');
insert into salpa.toc(book_bid,toc) values (16311458,'NCS 천기누설 예상문제');
insert into salpa.toc(book_bid,toc) values (16311458,'NCS 선견지명 단원종합문제');
insert into salpa.toc(book_bid,toc) values (16311458,'Ⅶ 애플리케이션 테스트 관리');
insert into salpa.toc(book_bid,toc) values (16311458,'chapter 01. 애플리케이션 테스트 케이스 설계');
insert into salpa.toc(book_bid,toc) values (16311458,'1. 애플리케이션 테스트 케이스 작성');
insert into salpa.toc(book_bid,toc) values (16311458,'2. 애플리케이션 테스트 시나리오 작성');
insert into salpa.toc(book_bid,toc) values (16311458,'NCS 천기누설 예상문제');
insert into salpa.toc(book_bid,toc) values (16311458,'chapter 02. 애플리케이션 통합 테스트');
insert into salpa.toc(book_bid,toc) values (16311458,'1. 애플리케이션 통합 테스트 수행');
insert into salpa.toc(book_bid,toc) values (16311458,'2. 애플리케이션 테스트 결과 분석');
insert into salpa.toc(book_bid,toc) values (16311458,'3. 애플리케이션 개선 조치사항 작성');
insert into salpa.toc(book_bid,toc) values (16311458,'NCS 천기누설 예상문제');
insert into salpa.toc(book_bid,toc) values (16311458,'chapter 03. 애플리케이션 성능 개선');
insert into salpa.toc(book_bid,toc) values (16311458,'1. 애플리케이션 성능 분석');
insert into salpa.toc(book_bid,toc) values (16311458,'2. 애플리케이션 성능 개선');
insert into salpa.toc(book_bid,toc) values (16311458,'NCS 천기누설 예상문제');
insert into salpa.toc(book_bid,toc) values (16311458,'NCS 선견지명 단원종합문제');
insert into salpa.toc(book_bid,toc) values (16311458,'『 2권 』');
insert into salpa.toc(book_bid,toc) values (16311458,'Ⅷ SQL 응용');
insert into salpa.toc(book_bid,toc) values (16311458,'chapter 01. 절차형 SQL 작성하기');
insert into salpa.toc(book_bid,toc) values (16311458,'1. 프로시저');
insert into salpa.toc(book_bid,toc) values (16311458,'2. 사용자 정의함수');
insert into salpa.toc(book_bid,toc) values (16311458,'3. 트리거');
insert into salpa.toc(book_bid,toc) values (16311458,'NCS 천기누설 예상문제');
insert into salpa.toc(book_bid,toc) values (16311458,'chapter 02. 응용 SQL 작성하기');
insert into salpa.toc(book_bid,toc) values (16311458,'1. 집계성 SQL 작성');
insert into salpa.toc(book_bid,toc) values (16311458,'2. 특정 기능 수행 SQL문 작성');
insert into salpa.toc(book_bid,toc) values (16311458,'3. 데이터 제어어 명령문 작성');
insert into salpa.toc(book_bid,toc) values (16311458,'NCS 천기누설 예상문제');
insert into salpa.toc(book_bid,toc) values (16311458,'NCS 선견지명 단원종합문제');
insert into salpa.toc(book_bid,toc) values (16311458,'Ⅸ 소프트웨어 개발 보안 구축');
insert into salpa.toc(book_bid,toc) values (16311458,'chapter 01. 소프트웨어 개발 보안 설계');
insert into salpa.toc(book_bid,toc) values (16311458,'1. 소프트웨어 개발 보안 설계');
insert into salpa.toc(book_bid,toc) values (16311458,'NCS 천기누설 예상문제');
insert into salpa.toc(book_bid,toc) values (16311458,'chapter 02. 소프트웨어 개발 보안 구현');
insert into salpa.toc(book_bid,toc) values (16311458,'1. SW 개발 보안 구현');
insert into salpa.toc(book_bid,toc) values (16311458,'2. SW 개발 보안 테스트와 결함 관리');
insert into salpa.toc(book_bid,toc) values (16311458,'NCS 천기누설 예상문제');
insert into salpa.toc(book_bid,toc) values (16311458,'NCS 선견지명 단원종합문제');
insert into salpa.toc(book_bid,toc) values (16311458,'Ⅹ 프로그래밍 언어 활용');
insert into salpa.toc(book_bid,toc) values (16311458,'chapter 01. 기본 문법 활용하기');
insert into salpa.toc(book_bid,toc) values (16311458,'1. 변수 활용');
insert into salpa.toc(book_bid,toc) values (16311458,'2. 연산자');
insert into salpa.toc(book_bid,toc) values (16311458,'3. 명령문');
insert into salpa.toc(book_bid,toc) values (16311458,'4. 사용자 정의 자료형 활용');
insert into salpa.toc(book_bid,toc) values (16311458,'5. 추상화와 상속');
insert into salpa.toc(book_bid,toc) values (16311458,'NCS 천기누설 예상문제');
insert into salpa.toc(book_bid,toc) values (16311458,'chapter 02. 언어 특성 활용하기');
insert into salpa.toc(book_bid,toc) values (16311458,'1. 프로그래밍 언어의 언어별 특성');
insert into salpa.toc(book_bid,toc) values (16311458,'2. 라이브러리 활용');
insert into salpa.toc(book_bid,toc) values (16311458,'NCS 천기누설 예상문제');
insert into salpa.toc(book_bid,toc) values (16311458,'NCS 선견지명 단원종합문제');
insert into salpa.toc(book_bid,toc) values (16311458,'ⅩⅠ 응용 SW 기초 기술 활용');
insert into salpa.toc(book_bid,toc) values (16311458,'chapter 01. 운영체제의 특징');
insert into salpa.toc(book_bid,toc) values (16311458,'1. 운영체제 종류');
insert into salpa.toc(book_bid,toc) values (16311458,'2. 운영체제 기본 명령어 활용');
insert into salpa.toc(book_bid,toc) values (16311458,'3. 운영체제 핵심 기능 파악');
insert into salpa.toc(book_bid,toc) values (16311458,'NCS 천기누설 예상문제');
insert into salpa.toc(book_bid,toc) values (16311458,'chapter 02. 데이터베이스 기초 활용하기');
insert into salpa.toc(book_bid,toc) values (16311458,'1. 데이터베이스 종류');
insert into salpa.toc(book_bid,toc) values (16311458,'2. 관계형 데이터베이스 활용');
insert into salpa.toc(book_bid,toc) values (16311458,'3. 데이터베이스 관리');
insert into salpa.toc(book_bid,toc) values (16311458,'NCS 천기누설 예상문제');
insert into salpa.toc(book_bid,toc) values (16311458,'chapter 03. 네트워크 기초 활용하기');
insert into salpa.toc(book_bid,toc) values (16311458,'1. 네트워크 계층 구조 파악');
insert into salpa.toc(book_bid,toc) values (16311458,'2. 네트워크 프로토콜 파악');
insert into salpa.toc(book_bid,toc) values (16311458,'3. 네트워크 전달 방식');
insert into salpa.toc(book_bid,toc) values (16311458,'NCS 천기누설 예상문제');
insert into salpa.toc(book_bid,toc) values (16311458,'chapter 04. 기본 개발환경 구축하기');
insert into salpa.toc(book_bid,toc) values (16311458,'1. 운영체제 설치 및 운용');
insert into salpa.toc(book_bid,toc) values (16311458,'2. 개발 도구 설치 및 운용');
insert into salpa.toc(book_bid,toc) values (16311458,'3. 응용 시스템 개발 인프라 구축');
insert into salpa.toc(book_bid,toc) values (16311458,'NCS 천기누설 예상문제');
insert into salpa.toc(book_bid,toc) values (16311458,'NCS 선견지명 단원종합문제');
insert into salpa.toc(book_bid,toc) values (16311458,'ⅩⅡ 제품 소프트웨어 패키징');
insert into salpa.toc(book_bid,toc) values (16311458,'chapter 01. 제품 소프트웨어 패키징하기');
insert into salpa.toc(book_bid,toc) values (16311458,'1. 사용자 중심의 패키징 수행');
insert into salpa.toc(book_bid,toc) values (16311458,'2. 버전을 고려한 제품 릴리즈 노트 작성');
insert into salpa.toc(book_bid,toc) values (16311458,'3. 패키징 도구를 활용한 설치, 배포 수행');
insert into salpa.toc(book_bid,toc) values (16311458,'NCS 천기누설 예상문제');
insert into salpa.toc(book_bid,toc) values (16311458,'chapter 02. 제품 소프트웨어 매뉴얼 작성');
insert into salpa.toc(book_bid,toc) values (16311458,'1. 제품 소프트웨어 매뉴얼 작성');
insert into salpa.toc(book_bid,toc) values (16311458,'2. 제품 소프트웨어 사용자 매뉴얼');
insert into salpa.toc(book_bid,toc) values (16311458,'3. 제품 소프트웨어 매뉴얼의 배포용 미디어 제작');
insert into salpa.toc(book_bid,toc) values (16311458,'NCS 천기누설 예상문제');
insert into salpa.toc(book_bid,toc) values (16311458,'chapter03. 제품 소프트웨어 버전 등록');
insert into salpa.toc(book_bid,toc) values (16311458,'1. 제품 소프트웨어 버전 등록');
insert into salpa.toc(book_bid,toc) values (16311458,'2. 제품 소프트웨어 버전 관리 도구 사용');
insert into salpa.toc(book_bid,toc) values (16311458,'3. 제품 소프트웨어 버전 관리 도구 활용');
insert into salpa.toc(book_bid,toc) values (16311458,'NCS 천기누설 예상문제');
insert into salpa.toc(book_bid,toc) values (16311458,'NCS 선견지명 단원종합문제');
insert into salpa.toc(book_bid,toc) values (16311458,'부록 1: NCS 명견만리 최종모의고사 1~5회');
insert into salpa.toc(book_bid,toc) values (16311458,'부록 2: 2020년 기출문제 분석 수록');
insert into salpa.toc(book_bid,toc) values (16341272,'제1회 실전모의고사');
insert into salpa.toc(book_bid,toc) values (16341272,'제2회 실전모의고사');
insert into salpa.toc(book_bid,toc) values (16341272,'제3회 실전모의고사');
insert into salpa.toc(book_bid,toc) values (16341272,'제4회 실전모의고사');
insert into salpa.toc(book_bid,toc) values (16341272,'제5회 실전모의고사');
insert into salpa.toc(book_bid,toc) values (16341272,'제6회 실전모의고사');
insert into salpa.toc(book_bid,toc) values (16341272,'제7회 실전모의고사');
insert into salpa.toc(book_bid,toc) values (16341272,'제8회 실전모의고사');
insert into salpa.toc(book_bid,toc) values (16341272,'제9회 실전모의고사');
insert into salpa.toc(book_bid,toc) values (16341272,'정답과 해설');
insert into salpa.toc(book_bid,toc) values (16345565,'Day 01 Enchanted Forest 마법의 숲');
insert into salpa.toc(book_bid,toc) values (16345565,'Day 02 A Gift of Peace 평화의 선물');
insert into salpa.toc(book_bid,toc) values (16345565,'Day 03 Only Ahtohallan Knows 아토할란만이 알고 있네');
insert into salpa.toc(book_bid,toc) values (16345565,'Day 04 Nothing Is Permanent 영원한 것은 없다네');
insert into salpa.toc(book_bid,toc) values (16345565,'Day 05 Some Things Never Change 어떤 것들은 절대 변하지 않지');
insert into salpa.toc(book_bid,toc) values (16345565,'Day 06 Charades 제스처 게임');
insert into salpa.toc(book_bid,toc) values (16345565,'Day 07 Elsa, Not a Big Fan of Charades 제스처 게임을 별로 좋아하지 않는 엘사');
insert into salpa.toc(book_bid,toc) values (16345565,'Day 08 Elsa Will Always Have Anna 엘사에겐 항상 안나가 있다네');
insert into salpa.toc(book_bid,toc) values (16345565,'Day 09 Into the Unknown 미지의 세계로');
insert into salpa.toc(book_bid,toc) values (16345565,'Day 10 The Magical Spirits 마법의 정령들');
insert into salpa.toc(book_bid,toc) values (16345565,'Day 11 Olaf, the King of Trivia 상식 퀴즈의 달인, 올라프');
insert into salpa.toc(book_bid,toc) values (16345565,'Day 12 Crazy or Naive? 정신이 나간 건가 아니면 순진한 건가?');
insert into salpa.toc(book_bid,toc) values (16345565,'Day 13 Stumbling Kristoff 버벅거리는 크리스토프');
insert into salpa.toc(book_bid,toc) values (16345565,'Day 14 When I Am Older 나도 나이가 들면');
insert into salpa.toc(book_bid,toc) values (16345565,'Day 15 Water Has Memory 물에는 기억이 있다');
insert into salpa.toc(book_bid,toc) values (16345565,'Day 16 May the Truth Be Found! 꼭 진실을 찾기를 바라며!');
insert into salpa.toc(book_bid,toc) values (16345565,'Day 17 Northuldra Scarf 노덜드라의 스카프');
insert into salpa.toc(book_bid,toc) values (16345565,'Day 18 A Fifth Spirit 다섯 번째 정령');
insert into salpa.toc(book_bid,toc) values (16345565,'Day 19 Settling the Giants 거인들 진정시키기');
insert into salpa.toc(book_bid,toc) values (16345565,'Day 20 Long Gone 이미 떠난 지 오래');
insert into salpa.toc(book_bid,toc) values (16345565,'Day 21 A Magical Queen of Arendelle 아렌델의 마법의 여왕');
insert into salpa.toc(book_bid,toc) values (16345565,'Day 22 Rising Anger 끓어오르는 분노');
insert into salpa.toc(book_bid,toc) values (16345565,'Day 23 Show Yourself 네 모습을 보여 줘');
insert into salpa.toc(book_bid,toc) values (16345565,'Day 24 Fear Is What Can’t Be Trusted 신뢰할 수 없는 건 바로 두려움');
insert into salpa.toc(book_bid,toc) values (16345565,'Day 25 The Truth About the Past 과거에 대한 진실');
insert into salpa.toc(book_bid,toc) values (16345565,'Day 26 Do the Next Right Thing 그다음 옳은 일을 해야 해');
insert into salpa.toc(book_bid,toc) values (16345565,'Day 27 The Dam Must Fall 댐이 무너져야만 한다');
insert into salpa.toc(book_bid,toc) values (16345565,'Day 28 A Bridge with Two Sides 양쪽으로 이루어진 다리');
insert into salpa.toc(book_bid,toc) values (16345565,'Day 29 An Emotional Reunion 감동적인 재회');
insert into salpa.toc(book_bid,toc) values (16345565,'Day 30 The Things We Do for Love 사랑을 위해 우리가 할 일');
insert into salpa.toc(book_bid,toc) values (16373256,'[유형편]');
insert into salpa.toc(book_bid,toc) values (16373256,'수학Ⅰ');
insert into salpa.toc(book_bid,toc) values (16373256,'01 지수함수와 로그함수');
insert into salpa.toc(book_bid,toc) values (16373256,'02 삼각함수');
insert into salpa.toc(book_bid,toc) values (16373256,'03 수열');
insert into salpa.toc(book_bid,toc) values (16373256,'수학Ⅱ');
insert into salpa.toc(book_bid,toc) values (16373256,'04 함수의 극한과 연속');
insert into salpa.toc(book_bid,toc) values (16373256,'05 다항함수의 미분법');
insert into salpa.toc(book_bid,toc) values (16373256,'06 다항함수의 적분법');
insert into salpa.toc(book_bid,toc) values (16373256,'확률과 통계');
insert into salpa.toc(book_bid,toc) values (16373256,'07 경우의 수');
insert into salpa.toc(book_bid,toc) values (16373256,'08 확률');
insert into salpa.toc(book_bid,toc) values (16373256,'09 통계');
insert into salpa.toc(book_bid,toc) values (16373256,'[실전편]');
insert into salpa.toc(book_bid,toc) values (16373256,'실전 모의고사 1회');
insert into salpa.toc(book_bid,toc) values (16373256,'실전 모의고사 2회');
insert into salpa.toc(book_bid,toc) values (16373256,'실전 모의고사 3회');
insert into salpa.toc(book_bid,toc) values (16373256,'실전 모의고사 4회');
insert into salpa.toc(book_bid,toc) values (16373256,'실전 모의고사 5회');
insert into salpa.toc(book_bid,toc) values (16373256,'[정답과 풀이]');
insert into salpa.toc(book_bid,toc) values (16373262,'[유형편]');
insert into salpa.toc(book_bid,toc) values (16373262,'Chapter 01 목적ㆍ심경ㆍ분위기');
insert into salpa.toc(book_bid,toc) values (16373262,'Chapter 02 필자의 주장ㆍ글의 요지');
insert into salpa.toc(book_bid,toc) values (16373262,'Chapter 03 글의 주제');
insert into salpa.toc(book_bid,toc) values (16373262,'Chapter 04 글의 제목');
insert into salpa.toc(book_bid,toc) values (16373262,'Chapter 05 도표');
insert into salpa.toc(book_bid,toc) values (16373262,'Chapter 06 세부 내용 파악');
insert into salpa.toc(book_bid,toc) values (16373262,'Chapter 07 실용문');
insert into salpa.toc(book_bid,toc) values (16373262,'Chapter 08 어법');
insert into salpa.toc(book_bid,toc) values (16373262,'Chapter 09 어휘');
insert into salpa.toc(book_bid,toc) values (16373262,'Chapter 10 빈칸 추론 ( 1 )');
insert into salpa.toc(book_bid,toc) values (16373262,'Chapter 11 빈칸 추론 ( 2 )');
insert into salpa.toc(book_bid,toc) values (16373262,'Chapter 12 함축의미 추론');
insert into salpa.toc(book_bid,toc) values (16373262,'Chapter 13 무관한 문장 파악');
insert into salpa.toc(book_bid,toc) values (16373262,'Chapter 14 글의 순서 파악');
insert into salpa.toc(book_bid,toc) values (16373262,'Chapter 15 문장 삽입');
insert into salpa.toc(book_bid,toc) values (16373262,'Chapter 16 요약문 완성');
insert into salpa.toc(book_bid,toc) values (16373262,'Chapter 17 장문의 이해 ( 1 ) : 1지문 2문항');
insert into salpa.toc(book_bid,toc) values (16373262,'Chapter 18 장문의 이해 ( 2 ) : 1지문 3문항');
insert into salpa.toc(book_bid,toc) values (16373262,'[실전편]');
insert into salpa.toc(book_bid,toc) values (16373262,'실전 모의고사 1회');
insert into salpa.toc(book_bid,toc) values (16373262,'실전 모의고사 2회');
insert into salpa.toc(book_bid,toc) values (16373262,'실전 모의고사 3회');
insert into salpa.toc(book_bid,toc) values (16373262,'실전 모의고사 4회');
insert into salpa.toc(book_bid,toc) values (16373262,'실전 모의고사 5회');
insert into salpa.toc(book_bid,toc) values (16373262,'[정답과 해설]');
insert into salpa.toc(book_bid,toc) values (16373279,'[유형편]');
insert into salpa.toc(book_bid,toc) values (16373279,'01 생활 속의 화학');
insert into salpa.toc(book_bid,toc) values (16373279,'02 몰');
insert into salpa.toc(book_bid,toc) values (16373279,'03 화학 반응식');
insert into salpa.toc(book_bid,toc) values (16373279,'04 용액의 농도');
insert into salpa.toc(book_bid,toc) values (16373279,'05 원자의 구조');
insert into salpa.toc(book_bid,toc) values (16373279,'06 현대적 원자 모형');
insert into salpa.toc(book_bid,toc) values (16373279,'07 주기율표');
insert into salpa.toc(book_bid,toc) values (16373279,'08 원소의 주기적 성질');
insert into salpa.toc(book_bid,toc) values (16373279,'09 이온 결합');
insert into salpa.toc(book_bid,toc) values (16373279,'10 공유 결합과 금속 결합');
insert into salpa.toc(book_bid,toc) values (16373279,'11 루이스 전자점식과 결합의 극성');
insert into salpa.toc(book_bid,toc) values (16373279,'12 분자의 구조');
insert into salpa.toc(book_bid,toc) values (16373279,'13 분자의 구조와 성질');
insert into salpa.toc(book_bid,toc) values (16373279,'14 가역 반응과 동적 평형');
insert into salpa.toc(book_bid,toc) values (16373279,'15 물의 자동 이온화');
insert into salpa.toc(book_bid,toc) values (16373279,'16 산 염기 중화 반응');
insert into salpa.toc(book_bid,toc) values (16373279,'17 산화 환원 반응');
insert into salpa.toc(book_bid,toc) values (16373279,'18 화학 반응에서 열의 출입');
insert into salpa.toc(book_bid,toc) values (16373279,'[실전편]');
insert into salpa.toc(book_bid,toc) values (16373279,'실전 모의고사 1회');
insert into salpa.toc(book_bid,toc) values (16373279,'실전 모의고사 2회');
insert into salpa.toc(book_bid,toc) values (16373279,'실전 모의고사 3회');
insert into salpa.toc(book_bid,toc) values (16373279,'실전 모의고사 4회');
insert into salpa.toc(book_bid,toc) values (16373279,'실전 모의고사 5회');
insert into salpa.toc(book_bid,toc) values (16373279,'[정답과 해설]');
insert into salpa.toc(book_bid,toc) values (16440545,'서문 코로나19와 ‘우리’의 일상');
insert into salpa.toc(book_bid,toc) values (16440545,'1 비대면 시공간에 대한 상이한 감각-추지현');
insert into salpa.toc(book_bid,toc) values (16440545,'2 동선 공개 ‘K-방역’과 두려움의 역설-유현미');
insert into salpa.toc(book_bid,toc) values (16440545,'3 마스크 불확실성 시대의 마스크 시민권-김재형');
insert into salpa.toc(book_bid,toc) values (16440545,'4 신천지 신국(神國)의 이민자들, ‘신천지’의 현상학-박해남');
insert into salpa.toc(book_bid,toc) values (16440545,'5 돌봄 인류 살리기로서의 돌봄에 대한 상상-오하나');
insert into salpa.toc(book_bid,toc) values (16440545,'6 가족 코로나19와 영희네 가족-김미선');
insert into salpa.toc(book_bid,toc) values (16440545,'7 노동 노동자는 기계가 아니다-공성식');
insert into salpa.toc(book_bid,toc) values (16440545,'8 의료 면역이라는 커먼즈와 좋은 의료를 위한 투쟁-백영경');
insert into salpa.toc(book_bid,toc) values (16440545,'9 민주주의 민주주의자로서 비상사태를 상대하기-장진범');
insert into salpa.toc(book_bid,toc) values (16440545,'10 모더니티 바이러스의 문화적 기원과 한국의 모더니티-김정환');
commit;
insert into salpa.study(startdate,enddate,type,user_id,book_bid) values ('2020-07-01','2020-07-15','page',1,15077395);
insert into salpa.study(startdate,enddate,type,user_id,book_bid) values ('2020-09-01','2020-10-01','chap',2,16345565);
insert into salpa.study(startdate,enddate,type,user_id,book_bid) values ('2020-09-01','2020-10-01','page',2,14466324);
insert into salpa.study(startdate,enddate,type,user_id,book_bid) values ('2020-08-15','2020-10-06','chap',3,14466324);
insert into salpa.study(user_id,book_bid) values (3,16236628);
insert into salpa.study(user_id,book_bid) values (3,11793514);
insert into salpa.study(user_id,book_bid) values (3,1579908);
commit;
insert into salpa.checkpage(date,planpage,actualpage,study_id) values ('2020-07-01',20,10,1);
insert into salpa.checkpage(date,planpage,actualpage,study_id) values ('2020-07-02',40,null,1);
insert into salpa.checkpage(date,planpage,actualpage,study_id) values ('2020-07-03',60,50,1);
insert into salpa.checkpage(date,planpage,actualpage,study_id) values ('2020-07-06',80,70,1);
insert into salpa.checkpage(date,planpage,actualpage,study_id) values ('2020-07-07',100,100,1);
insert into salpa.checkpage(date,planpage,actualpage,study_id) values ('2020-07-08',120,120,1);
insert into salpa.checkpage(date,planpage,actualpage,study_id) values ('2020-07-09',140,140,1);
insert into salpa.checkpage(date,planpage,actualpage,study_id) values ('2020-07-10',160,150,1);
insert into salpa.checkpage(date,planpage,actualpage,study_id) values ('2020-07-13',180,180,1);
insert into salpa.checkpage(date,planpage,actualpage,study_id) values ('2020-07-14',200,230,1);
insert into salpa.checkpage(date,planpage,actualpage,study_id) values ('2020-07-15',230,null,1);
insert into salpa.checkpage(date,planpage,actualpage,study_id) values ('2020-09-01',40,30,3);
insert into salpa.checkpage(date,planpage,actualpage,study_id) values ('2020-09-02',80,70,3);
insert into salpa.checkpage(date,planpage,actualpage,study_id) values ('2020-09-03',120,110,3);
insert into salpa.checkpage(date,planpage,actualpage,study_id) values ('2020-09-04',160,null,3);
insert into salpa.checkpage(date,planpage,actualpage,study_id) values ('2020-09-05',200,160,3);
insert into salpa.checkpage(date,planpage,actualpage,study_id) values ('2020-09-06',240,200,3);
insert into salpa.checkpage(date,planpage,actualpage,study_id) values ('2020-09-07',280,240,3);
insert into salpa.checkpage(date,planpage,actualpage,study_id) values ('2020-09-08',320,300,3);
insert into salpa.checkpage(date,planpage,actualpage,study_id) values ('2020-09-09',360,360,3);
insert into salpa.checkpage(date,planpage,actualpage,study_id) values ('2020-09-10',400,400,3);
insert into salpa.checkpage(date,planpage,actualpage,study_id) values ('2020-09-11',440,440,3);
insert into salpa.checkpage(date,planpage,actualpage,study_id) values ('2020-09-12',480,480,3);
insert into salpa.checkpage(date,planpage,actualpage,study_id) values ('2020-09-13',520,520,3);
insert into salpa.checkpage(date,planpage,actualpage,study_id) values ('2020-09-14',560,560,3);
insert into salpa.checkpage(date,planpage,actualpage,study_id) values ('2020-09-15',600,600,3);
insert into salpa.checkpage(date,planpage,actualpage,study_id) values ('2020-09-16',640,640,3);
insert into salpa.checkpage(date,planpage,actualpage,study_id) values ('2020-09-17',680,680,3);
insert into salpa.checkpage(date,planpage,actualpage,study_id) values ('2020-09-18',720,null,3);
insert into salpa.checkpage(date,planpage,actualpage,study_id) values ('2020-09-19',760,null,3);
insert into salpa.checkpage(date,planpage,actualpage,study_id) values ('2020-09-20',800,null,3);
insert into salpa.checkpage(date,planpage,actualpage,study_id) values ('2020-09-21',840,null,3);
insert into salpa.checkpage(date,planpage,actualpage,study_id) values ('2020-09-22',880,null,3);
insert into salpa.checkpage(date,planpage,actualpage,study_id) values ('2020-09-23',920,null,3);
insert into salpa.checkpage(date,planpage,actualpage,study_id) values ('2020-09-24',960,null,3);
insert into salpa.checkpage(date,planpage,actualpage,study_id) values ('2020-09-25',1000,null,3);
insert into salpa.checkpage(date,planpage,actualpage,study_id) values ('2020-09-26',1040,null,3);
insert into salpa.checkpage(date,planpage,actualpage,study_id) values ('2020-09-27',1080,null,3);
insert into salpa.checkpage(date,planpage,actualpage,study_id) values ('2020-09-28',1120,null,3);
insert into salpa.checkpage(date,planpage,actualpage,study_id) values ('2020-09-29',1160,null,3);
insert into salpa.checkpage(date,planpage,actualpage,study_id) values ('2020-09-30',1200,null,3);
commit;
insert into salpa.checkchap(toc,plantime,actualtime,study_id) values ('Day 01 Enchanted Forest 마법의 숲','2020-09-01','2020-09-01',2);
insert into salpa.checkchap(toc,plantime,actualtime,study_id) values ('Day 02 A Gift of Peace 평화의 선물','2020-09-02','2020-09-01',2);
insert into salpa.checkchap(toc,plantime,actualtime,study_id) values ('Day 03 Only Ahtohallan Knows 아토할란만이 알고 있네','2020-09-03','2020-09-02',2);
insert into salpa.checkchap(toc,plantime,actualtime,study_id) values ('Day 04 Nothing Is Permanent 영원한 것은 없다네','2020-09-04','2020-09-03',2);
insert into salpa.checkchap(toc,plantime,actualtime,study_id) values ('Day 05 Some Things Never Change 어떤 것들은 절대 변하지 않지','2020-09-05','2020-09-05',2);
insert into salpa.checkchap(toc,plantime,actualtime,study_id) values ('Day 06 Charades 제스처 게임','2020-09-06','2020-09-05',2);
insert into salpa.checkchap(toc,plantime,actualtime,study_id) values ('Day 07 Elsa, Not a Big Fan of Charades 제스처 게임을 별로 좋아하지 않는 엘사','2020-09-07','2020-09-07',2);
insert into salpa.checkchap(toc,plantime,actualtime,study_id) values ('Day 08 Elsa Will Always Have Anna 엘사에겐 항상 안나가 있다네','2020-09-08','2020-09-08',2);
insert into salpa.checkchap(toc,plantime,actualtime,study_id) values ('Day 09 Into the Unknown 미지의 세계로','2020-09-09','2020-09-09',2);
insert into salpa.checkchap(toc,plantime,actualtime,study_id) values ('Day 10 The Magical Spirits 마법의 정령들','2020-09-10','2020-09-10',2);
insert into salpa.checkchap(toc,plantime,actualtime,study_id) values ('Day 11 Olaf, the King of Trivia 상식 퀴즈의 달인, 올라프','2020-09-11','2020-09-11',2);
insert into salpa.checkchap(toc,plantime,actualtime,study_id) values ('Day 12 Crazy or Naive? 정신이 나간 건가 아니면 순진한 건가?','2020-09-12','2020-09-12',2);
insert into salpa.checkchap(toc,plantime,actualtime,study_id) values ('Day 13 Stumbling Kristoff 버벅거리는 크리스토프','2020-09-13','2020-09-13',2);
insert into salpa.checkchap(toc,plantime,actualtime,study_id) values ('Day 14 When I Am Older 나도 나이가 들면','2020-09-14','2020-09-14',2);
insert into salpa.checkchap(toc,plantime,actualtime,study_id) values ('Day 15 Water Has Memory 물에는 기억이 있다','2020-09-15','2020-09-15',2);
insert into salpa.checkchap(toc,plantime,actualtime,study_id) values ('Day 16 May the Truth Be Found! 꼭 진실을 찾기를 바라며!','2020-09-16','2020-09-16',2);
insert into salpa.checkchap(toc,plantime,actualtime,study_id) values ('Day 17 Northuldra Scarf 노덜드라의 스카프','2020-09-17',null,2);
insert into salpa.checkchap(toc,plantime,actualtime,study_id) values ('Day 18 A Fifth Spirit 다섯 번째 정령','2020-09-18',null,2);
insert into salpa.checkchap(toc,plantime,actualtime,study_id) values ('Day 19 Settling the Giants 거인들 진정시키기','2020-09-19',null,2);
insert into salpa.checkchap(toc,plantime,actualtime,study_id) values ('Day 20 Long Gone 이미 떠난 지 오래','2020-09-20',null,2);
insert into salpa.checkchap(toc,plantime,actualtime,study_id) values ('Day 21 A Magical Queen of Arendelle 아렌델의 마법의 여왕','2020-09-21',null,2);
insert into salpa.checkchap(toc,plantime,actualtime,study_id) values ('Day 22 Rising Anger 끓어오르는 분노','2020-09-22',null,2);
insert into salpa.checkchap(toc,plantime,actualtime,study_id) values ('Day 23 Show Yourself 네 모습을 보여 줘','2020-09-23',null,2);
insert into salpa.checkchap(toc,plantime,actualtime,study_id) values ('Day 24 Fear Is What Can’t Be Trusted 신뢰할 수 없는 건 바로 두려움','2020-09-24',null,2);
insert into salpa.checkchap(toc,plantime,actualtime,study_id) values ('Day 25 The Truth About the Past 과거에 대한 진실','2020-09-25',null,2);
insert into salpa.checkchap(toc,plantime,actualtime,study_id) values ('Day 26 Do the Next Right Thing 그다음 옳은 일을 해야 해','2020-09-26',null,2);
insert into salpa.checkchap(toc,plantime,actualtime,study_id) values ('Day 27 The Dam Must Fall 댐이 무너져야만 한다','2020-09-27',null,2);
insert into salpa.checkchap(toc,plantime,actualtime,study_id) values ('Day 28 A Bridge with Two Sides 양쪽으로 이루어진 다리','2020-09-28',null,2);
insert into salpa.checkchap(toc,plantime,actualtime,study_id) values ('Day 29 An Emotional Reunion 감동적인 재회','2020-09-29',null,2);
insert into salpa.checkchap(toc,plantime,actualtime,study_id) values ('Day 30 The Things We Do for Love 사랑을 위해 우리가 할 일','2020-09-30',null,2);
insert into salpa.checkchap(toc,plantime,actualtime,study_id) values ('Section 001 객체지향 기법의 개요','2020-08-15','2020-08-15',4);
insert into salpa.checkchap(toc,plantime,actualtime,study_id) values ('Section 002 객체지향 기법의 기본 원칙','2020-08-15','2020-08-15',4);
insert into salpa.checkchap(toc,plantime,actualtime,study_id) values ('Section 003 객체지향 기법의 생명 주기','2020-08-16','2020-08-15',4);
insert into salpa.checkchap(toc,plantime,actualtime,study_id) values ('Section 004 아키텍처 스타일','2020-08-16','2020-08-16',4);
insert into salpa.checkchap(toc,plantime,actualtime,study_id) values ('Section 005 순서도와 C언어의 기본','2020-08-17','2020-08-16',4);
insert into salpa.checkchap(toc,plantime,actualtime,study_id) values ('Section 006 C언어의 제어문','2020-08-17','2020-08-17',4);
insert into salpa.checkchap(toc,plantime,actualtime,study_id) values ('Section 007 C언어의 포인터, 배열, 구조체','2020-08-18','2020-08-18',4);
insert into salpa.checkchap(toc,plantime,actualtime,study_id) values ('Section 008 C언어 함수','2020-08-18','2020-08-18',4);
insert into salpa.checkchap(toc,plantime,actualtime,study_id) values ('Section 009 JAVA의 기초','2020-08-19','2020-08-19',4);
insert into salpa.checkchap(toc,plantime,actualtime,study_id) values ('Section 010 수열 1 - 1+2+3+4+…+100까지의 합계 (do~while)','2020-08-19','2020-08-19',4);
insert into salpa.checkchap(toc,plantime,actualtime,study_id) values ('Section 011 수열 2 - 1-2+3-4+5-6+…+99-100의 합계 (do~while, while, if)','2020-08-20','2020-08-20',4);
insert into salpa.checkchap(toc,plantime,actualtime,study_id) values ('Section 012 수열 3 - -(1/2)+(2/3)-(3/4)+(4/5)-(5/6)…-(99/100)의 합계 (do~while, if)','2020-08-20','2020-08-20',4);
insert into salpa.checkchap(toc,plantime,actualtime,study_id) values ('Section 013 수열 4 - 1+2+4+7+11+16+22+…로 증가하는 수열 (do~while)','2020-08-21','2020-08-21',4);
insert into salpa.checkchap(toc,plantime,actualtime,study_id) values ('Section 014 수열 5 - 1!+2!+3!+4!+5!+…+10!의 합계 (do~while)','2020-08-21','2020-08-21',4);
insert into salpa.checkchap(toc,plantime,actualtime,study_id) values ('Section 015 수열 6 - 피보나치 수열(1+1+2+3+5+8+13+…)의 합계(while, for, if)','2020-08-22','2020-08-22',4);
insert into salpa.checkchap(toc,plantime,actualtime,study_id) values ('Section 016 소수 판별 (while, if)','2020-08-22','2020-08-22',4);
insert into salpa.checkchap(toc,plantime,actualtime,study_id) values ('Section 017 소수의 합 구하기 (while, if)','2020-08-23','2020-08-23',4);
insert into salpa.checkchap(toc,plantime,actualtime,study_id) values ('Section 018 소수의 개수 구하기 (1차원배열, do~while, while, if)','2020-08-23','2020-08-23',4);
insert into salpa.checkchap(toc,plantime,actualtime,study_id) values ('Section 019 최대공약수, 최소공배수 (while, if)','2020-08-24','2020-08-24',4);
insert into salpa.checkchap(toc,plantime,actualtime,study_id) values ('Section 020 약수 구하기 (1차원배열, while, for, if)','2020-08-24','2020-08-24',4);
insert into salpa.checkchap(toc,plantime,actualtime,study_id) values ('Section 021 소인수 분해하기 (1차원배열, while, if)','2020-08-25','2020-08-25',4);
insert into salpa.checkchap(toc,plantime,actualtime,study_id) values ('Section 022 진법변환 - 10진수를 2진수로 변환하기 (1차원배열, do~while, for)','2020-08-25','2020-08-25',4);
insert into salpa.checkchap(toc,plantime,actualtime,study_id) values ('Section 023 진법변환 - 10진수를 임의의 진수로 변환하기 (1차원배열, while, if)','2020-08-26','2020-08-26',4);
insert into salpa.checkchap(toc,plantime,actualtime,study_id) values ('Section 024 진법변환 - 소수점이 포함된 2진수를 10진수로 변환하기 (문자열처리, 1차원배열, while, if)','2020-08-26','2020-08-26',4);
insert into salpa.checkchap(toc,plantime,actualtime,study_id) values ('Section 025 최대값, 최소값 구하기 (1차원배열, do~while, while, for, if)','2020-08-27','2020-08-27',4);
insert into salpa.checkchap(toc,plantime,actualtime,study_id) values ('Section 026 5의 배수의 개수와 합 (for, if)','2020-08-27','2020-08-27',4);
insert into salpa.checkchap(toc,plantime,actualtime,study_id) values ('Section 027 7에 가장 가까운 수 구하기 (define, 1차원배열, do~while, for, if)','2020-08-28','2020-08-28',4);
insert into salpa.checkchap(toc,plantime,actualtime,study_id) values ('Section 028 보수 구하기 (1차원배열, do~while, for, if)','2020-08-28','2020-08-28',4);
insert into salpa.checkchap(toc,plantime,actualtime,study_id) values ('Section 029 그레이 코드 변환하기 (1차원배열, for, if)','2020-08-29','2020-08-29',4);
insert into salpa.checkchap(toc,plantime,actualtime,study_id) values ('Section 030 큰 수 더하기 (1차원배열, do~while, while, for, if)','2020-08-29','2020-08-29',4);
insert into salpa.checkchap(toc,plantime,actualtime,study_id) values ('Section 031 선택 정렬 (1차원배열, do~while, for, if)','2020-08-30','2020-08-30',4);
insert into salpa.checkchap(toc,plantime,actualtime,study_id) values ('Section 032 버블 정렬 (1차원배열, do~while, while, for, if)','2020-08-30','2020-08-30',4);
insert into salpa.checkchap(toc,plantime,actualtime,study_id) values ('Section 033 삽입 정렬 (1차원배열, do~while, for, if)','2020-08-31','2020-08-31',4);
insert into salpa.checkchap(toc,plantime,actualtime,study_id) values ('Section 034 석차 구하기 (1차원배열, do~while, while, for, if)','2020-08-31','2020-08-31',4);
insert into salpa.checkchap(toc,plantime,actualtime,study_id) values ('Section 035 이분 검색 (1차원배열, 2차원배열, while, if)','2020-09-01','2020-09-01',4);
insert into salpa.checkchap(toc,plantime,actualtime,study_id) values ('Section 036 병합(MERGE) (사용자정의함수, 1차원배열, do~while, while, if)','2020-09-01','2020-09-01',4);
insert into salpa.checkchap(toc,plantime,actualtime,study_id) values ('Section 037 스택(STACK) (사용자정의함수, 1차원배열, while, for, if)','2020-09-02','2020-09-02',4);
insert into salpa.checkchap(toc,plantime,actualtime,study_id) values ('Section 038 배열 1 - 기본 5행 5열 (define, 2차원배열, for)','2020-09-02','2020-09-02',4);
insert into salpa.checkchap(toc,plantime,actualtime,study_id) values ('Section 039 배열 2 - 직각 삼각형 만들기 (2차원배열, for)','2020-09-03','2020-09-03',4);
insert into salpa.checkchap(toc,plantime,actualtime,study_id) values ('Section 040 배열 3 - ‘ㄹ’자로 채우기 (2차원배열, for)','2020-09-03','2020-09-03',4);
insert into salpa.checkchap(toc,plantime,actualtime,study_id) values ('Section 041 배열 4 - 다이아몬드 만들기 (2차원배열, for, if)','2020-09-04','2020-09-04',4);
insert into salpa.checkchap(toc,plantime,actualtime,study_id) values ('Section 042 배열 5 - 모래시계 만들기(2차원배열, for)','2020-09-04','2020-09-04',4);
insert into salpa.checkchap(toc,plantime,actualtime,study_id) values ('Section 043 배열 6 - 오른쪽에 빈 삼각형 만들기 (2차원배열, for, if)','2020-09-05','2020-09-05',4);
insert into salpa.checkchap(toc,plantime,actualtime,study_id) values ('Section 044 배열 7 - 이등변 삼각형 만들기 (2차원배열, for)','2020-09-05','2020-09-05',4);
insert into salpa.checkchap(toc,plantime,actualtime,study_id) values ('Section 045 배열 8 - 90도 회전하기 (2차원배열, for)','2020-09-06','2020-09-06',4);
insert into salpa.checkchap(toc,plantime,actualtime,study_id) values ('Section 046 배열 9 - 달팽이 만들기 (2차원배열, while, for, if)','2020-09-06','2020-09-06',4);
insert into salpa.checkchap(toc,plantime,actualtime,study_id) values ('Section 047 배열 10 - 대각선으로 채우기 (2차원배열, for, if)','2020-09-07','2020-09-07',4);
insert into salpa.checkchap(toc,plantime,actualtime,study_id) values ('Section 048 배열 11 - 마방진(Magic Square) (2차원배열, for, if)','2020-09-07','2020-09-07',4);
insert into salpa.checkchap(toc,plantime,actualtime,study_id) values ('Section 049 배열 12 - 행렬 변환 (2차원배열, for, if)','2020-09-08','2020-09-08',4);
insert into salpa.checkchap(toc,plantime,actualtime,study_id) values ('Section 050 화폐의 종류별 매수 계산 (구조체, 파일처리, define, 1차원배열, do~while, for, if)','2020-09-08','2020-09-08',4);
insert into salpa.checkchap(toc,plantime,actualtime,study_id) values ('Section 051 부서별 합계 (구조체, 파일처리, 1차원배열, do~while, while, if)','2020-09-09','2020-09-09',4);
insert into salpa.checkchap(toc,plantime,actualtime,study_id) values ('Section 052 동별, 나이별 인원 통계 (구조체, 파일처리, 1차원배열, 2차원배열, while, for, if)','2020-09-09','2020-09-09',4);
insert into salpa.checkchap(toc,plantime,actualtime,study_id) values ('Section 053 학급별 최대, 최소 체중 (구조체, 파일처리, 1차원배열, do~while, while, if)','2020-09-10','2020-09-10',4);
insert into salpa.checkchap(toc,plantime,actualtime,study_id) values ('Section 054 사과 구입 (for, if)','2020-09-10','2020-09-10',4);
insert into salpa.checkchap(toc,plantime,actualtime,study_id) values ('Section 055 사과 나눠 갖기 (goto문, for, if)','2020-09-11','2020-09-11',4);
insert into salpa.checkchap(toc,plantime,actualtime,study_id) values ('Section 056 반 배정 (1차원배열, while, for, if)','2020-09-11','2020-09-11',4);
insert into salpa.checkchap(toc,plantime,actualtime,study_id) values ('Section 057 역순으로 숫자 더하기 (1차원배열, while, for, if)','2020-09-12','2020-09-12',4);
insert into salpa.checkchap(toc,plantime,actualtime,study_id) values ('Section 058 숫자의 좌우 위치 변경 (1차원배열, while, for, if)','2020-09-12','2020-09-12',4);
insert into salpa.checkchap(toc,plantime,actualtime,study_id) values ('Section 059 구구단 (1차원배열, do~while, for)','2020-09-13','2020-09-13',4);
insert into salpa.checkchap(toc,plantime,actualtime,study_id) values ('Section 060 데이터베이스 개념','2020-09-13','2020-09-13',4);
insert into salpa.checkchap(toc,plantime,actualtime,study_id) values ('Section 061 데이터베이스 관리 시스템(DBMS)','2020-09-14','2020-09-14',4);
insert into salpa.checkchap(toc,plantime,actualtime,study_id) values ('Section 062 스키마','2020-09-14','2020-09-14',4);
insert into salpa.checkchap(toc,plantime,actualtime,study_id) values ('Section 063 데이터베이스 설계','2020-09-15','2020-09-15',4);
insert into salpa.checkchap(toc,plantime,actualtime,study_id) values ('Section 064 ER(Entity Relationship) 모델','2020-09-15','2020-09-15',4);
insert into salpa.checkchap(toc,plantime,actualtime,study_id) values ('Section 065 관계형 데이터 모델','2020-09-16','2020-09-16',4);
insert into salpa.checkchap(toc,plantime,actualtime,study_id) values ('Section 066 키의 개념 및 종류','2020-09-16','2020-09-16',4);
insert into salpa.checkchap(toc,plantime,actualtime,study_id) values ('Section 067 무결성','2020-09-17','2020-09-17',4);
insert into salpa.checkchap(toc,plantime,actualtime,study_id) values ('Section 068 관계대수','2020-09-17',null,4);

insert into salpa.checkchap(toc,plantime,actualtime,study_id) values ('Section 069 SQL - DDL','2020-09-18',null,4);
insert into salpa.checkchap(toc,plantime,actualtime,study_id) values ('Section 070 SQL - SELECT','2020-09-18',null,4);
insert into salpa.checkchap(toc,plantime,actualtime,study_id) values ('Section 071 SQL - JOIN','2020-09-19',null,4);
insert into salpa.checkchap(toc,plantime,actualtime,study_id) values ('Section 072 SQL - DML','2020-09-19',null,4);
insert into salpa.checkchap(toc,plantime,actualtime,study_id) values ('Section 073 SQL - DCL','2020-09-20',null,4);
insert into salpa.checkchap(toc,plantime,actualtime,study_id) values ('Section 074 뷰(VIEW)','2020-09-20',null,4);
insert into salpa.checkchap(toc,plantime,actualtime,study_id) values ('Section 075 내장 SQL','2020-09-21',null,4);
insert into salpa.checkchap(toc,plantime,actualtime,study_id) values ('Section 076 스토어드 프로시저(Stored Procedure)','2020-09-21',null,4);
insert into salpa.checkchap(toc,plantime,actualtime,study_id) values ('Section 077 이상(Anomaly)','2020-09-22',null,4);
insert into salpa.checkchap(toc,plantime,actualtime,study_id) values ('Section 078 함수적 종속','2020-09-22',null,4);
insert into salpa.checkchap(toc,plantime,actualtime,study_id) values ('Section 079 정규화','2020-09-23',null,4);
insert into salpa.checkchap(toc,plantime,actualtime,study_id) values ('Section 080 시스템 카탈로그','2020-09-23',null,4);
insert into salpa.checkchap(toc,plantime,actualtime,study_id) values ('Section 081 인덱스','2020-09-24',null,4);
insert into salpa.checkchap(toc,plantime,actualtime,study_id) values ('Section 082 트랜잭션','2020-09-24',null,4);
insert into salpa.checkchap(toc,plantime,actualtime,study_id) values ('Section 083 회복(Recovery)','2020-09-25',null,4);
insert into salpa.checkchap(toc,plantime,actualtime,study_id) values ('Section 084 병행 제어(Concurrency Control)','2020-09-25',null,4);
insert into salpa.checkchap(toc,plantime,actualtime,study_id) values ('Section 085 보안(Security)','2020-09-26',null,4);
insert into salpa.checkchap(toc,plantime,actualtime,study_id) values ('Section 086 튜닝(Tuning)','2020-09-26',null,4);
insert into salpa.checkchap(toc,plantime,actualtime,study_id) values ('Section 087 객체 지향 데이터베이스','2020-09-27',null,4);
insert into salpa.checkchap(toc,plantime,actualtime,study_id) values ('Section 088 고급 데이터베이스','2020-09-27',null,4);
insert into salpa.checkchap(toc,plantime,actualtime,study_id) values ('Section 089 정보 전략 계획 수립','2020-09-28',null,4);
insert into salpa.checkchap(toc,plantime,actualtime,study_id) values ('Section 090 업무 프로세스 재설계','2020-09-28',null,4);
insert into salpa.checkchap(toc,plantime,actualtime,study_id) values ('Section 091 전사적 자원 관리','2020-09-29',null,4);
insert into salpa.checkchap(toc,plantime,actualtime,study_id) values ('Section 092 정보 시스템 구축','2020-09-29',null,4);
insert into salpa.checkchap(toc,plantime,actualtime,study_id) values ('Section 093 시스템 통합','2020-09-30',null,4);
insert into salpa.checkchap(toc,plantime,actualtime,study_id) values ('Section 094 IT 아웃소싱','2020-09-30',null,4);
insert into salpa.checkchap(toc,plantime,actualtime,study_id) values ('Section 095 전자상거래','2020-10-01',null,4);
insert into salpa.checkchap(toc,plantime,actualtime,study_id) values ('Section 096 입주 업무 프로세스','2020-10-01',null,4);
insert into salpa.checkchap(toc,plantime,actualtime,study_id) values ('Section 097 인사고과 업무 프로세스','2020-10-02',null,4);
insert into salpa.checkchap(toc,plantime,actualtime,study_id) values ('Section 098 손망실 처리 업무 프로세스','2020-10-02',null,4);
insert into salpa.checkchap(toc,plantime,actualtime,study_id) values ('Section 099 대외보고서 작성 업무 프로세스','2020-10-03',null,4);
insert into salpa.checkchap(toc,plantime,actualtime,study_id) values ('Section 100 정보 보안 및 암호화','2020-10-03',null,4);
insert into salpa.checkchap(toc,plantime,actualtime,study_id) values ('Section 101 보안 관리','2020-10-04',null,4);
insert into salpa.checkchap(toc,plantime,actualtime,study_id) values ('Section 102 보안 위협의 구체적인 형태','2020-10-04',null,4);
insert into salpa.checkchap(toc,plantime,actualtime,study_id) values ('Section 103 데이터 통신','2020-10-05',null,4);
insert into salpa.checkchap(toc,plantime,actualtime,study_id) values ('Section 104 인터넷','2020-10-05',null,4);
insert into salpa.checkchap(toc,plantime,actualtime,study_id) values ('Section 105 모바일 컴퓨팅','2020-10-06',null,4);
insert into salpa.checkchap(toc,plantime,actualtime,study_id) values ('Section 106 기타 신기술 동향','2020-10-06',null,4);
commit;
insert into club (createtime, title, content, depth,num,user_id,book_bid) values("2020-09-15"," 북커리 사이트 오픈!","북커리 사이트가 10월 21일 오픈될 예정입니다!<br/>다들 기쁜 마음으로 축하해주세요 \^0^/",1,1,1,0);
insert into club (createtime, title, content, depth,num,user_id,book_bid) values("2020-10-01","북커리 업데이트 안내","북커리 사이트가 10월 1일자로 업데이트 되었습니다",0,1,1,0);
commit;
insert into club (createtime, title, content, depth,num,user_id,book_bid) values("2020-09-23","아이디를 까먹었어요!","북커리의 아이디는 가입하실때 사용하신 이메일과 동일합니다",0,2,1,0);